pdb_id,chain_name,weight,structure_type,membrane_residues,resolution,cluster,full_query
4dx5,A,1.0,alpha,257,1.9,0,"(cname=A and rnum=9:27,340:361,365:386,394:414,439:458,470:492,538:557,873:894,896:919,927:946,971:991,1003:1025) or (cname=B and rnum=8:27,339:359,365:383,397:414,438:456,471:493,538:556,874:894,896:918,927:947,971:991,1003:1026) or (cname=C and rnum=9:27,341:361,365:386,394:413,439:458,470:490,538:557,874:894,896:918,927:947,972:991,1003:1026)"
2agv,A,0.3333333333333333,alpha,186,2.4,1,"(cname=A and rnum=60:77,89:103,259:274,288:306,762:780,789:807,832:853,896:915,932:949,967:986)"
3ar2,A,0.3333333333333333,alpha,214,2.5,1,"(cname=A and rnum=60:80,84:104,259:279,288:311,759:781,789:808,831:852,897:916,933:950,967:990)"
2zbd,A,0.3333333333333333,alpha,215,2.4,1,"(cname=A and rnum=60:78,84:104,259:281,288:310,759:781,789:807,832:854,895:916,933:950,964:987)"
2zxe,A,1.0,alpha,214,2.4,2,"(cname=A and rnum=99:115,128:149,291:313,319:343,774:795,804:822,849:872,917:938,952:970,985:1005) or (cname=B and rnum=33:61) or (cname=G and rnum=21:39)"
2yev,A,1.0,alpha,443,2.36,3,"(cname=A and rnum=27:53,66:92,109:130,153:175,197:221,240:264,281:302,309:333,348:370,380:403,418:442,461:485,556:574,580:597,620:641,657:677,691:711,728:752,766:789) or (cname=B and rnum=37:59,83:104) or (cname=C and rnum=6:22,35:59)"
3ayf,A,1.0,alpha,329,2.5,4,"(cname=A and rnum=21:44,251:272,304:331,351:372,387:410,436:453,472:490,498:522,542:561,569:592,614:639,646:669,685:710,736:762)"
4a01,A,1.0,alpha,377,2.35,5,"(cname=A and rnum=6:29,92:113,136:160,190:214,222:244,288:310,321:344,361:383,401:425,455:478,479:500,537:560,570:593,641:663,664:685,732:755) or (cname=B and rnum=6:29,92:113,136:160,190:214,222:244,288:310,321:344,361:383,401:425,455:478,479:500,537:560,570:593,641:663,664:685,732:755)"
1jb0,A,0.5,alpha,237,2.5,6,"(cname=A and rnum=72:93,159:179,193:216,298:314,354:374,392:413,439:464,536:557,591:613,674:691,725:745) or (cname=B and rnum=45:66,135:155,170:193,273:289,335:355,373:394,420:442,523:544,578:600,654:671,709:729) or (cname=F and rnum=60:84) or (cname=I and rnum=9:32) or (cname=J and rnum=11:30) or (cname=K and rnum=21:32,57:76) or (cname=L and rnum=44:65,74:95,120:141) or (cname=M and rnum=6:27) or (cname=X and rnum=11:31)"
1jb0,B,0.5,alpha,234,2.5,6,"(cname=A and rnum=72:93,159:179,193:216,298:314,354:374,392:413,439:464,536:557,591:613,674:691,725:745) or (cname=B and rnum=45:66,135:155,170:193,273:289,335:355,373:394,420:442,523:544,578:600,654:671,709:729) or (cname=F and rnum=60:84) or (cname=I and rnum=9:32) or (cname=J and rnum=11:30) or (cname=K and rnum=21:32,57:76) or (cname=L and rnum=44:65,74:95,120:141) or (cname=M and rnum=6:27) or (cname=X and rnum=11:31)"
1qfg,A,1.0,beta,210,2.5,7,"(cname=A and rnum=161:170,173:182,191:199,212:221,228:236,280:288,294:303,355:365,372:380,443:453,456:465,487:497,501:509,531:540,545:552,580:589,593:601,624:633,641:649,668:676,685:692,716:724)"
1fep,A,1.0,beta,209,2.4,8,"(cname=A and rnum=153:163,172:183,187:196,231:240,245:254,288:295,302:309,345:353,361:369,410:418,424:433,442:451,456:465,509:517,521:529,565:574,578:586,606:615,619:627,655:664,669:676,715:723)"
4aip,A,1.0,beta,183,2.4,9,"(cname=A and rnum=186:192,199:207,212:222,248:257,265:273,308:317,326:333,363:371,378:384,443:452,455:463,482:490,497:503,536:543,550:556,588:596,601:607,635:642,650:657,687:693,704:708,732:740) or (cname=B and rnum=186:192,199:207,212:222,248:257,265:273,308:317,326:333,363:371,378:384,443:452,455:463,482:490,497:503,536:543,550:556,588:596,601:607,635:642,650:657,687:693,704:708,732:740) or (cname=C and rnum=186:192,199:207,212:222,248:257,265:273,308:317,326:333,363:371,378:384,443:452,455:463,482:490,497:503,536:543,550:556,588:596,601:607,635:642,650:657,687:693,704:708,732:740)"
1kmo,A,0.5,beta,204,2.0,10,"(cname=A and rnum=223:232,244:253,258:266,281:289,296:303,338:346,353:360,385:393,402:411,446:455,460:469,490:499,505:514,538:547,551:560,585:593,604:612,635:644,647:655,684:692,699:706,733:740)"
1kmp,A,0.5,beta,209,2.5,10,"(cname=A and rnum=223:232,244:252,258:267,281:289,296:304,337:346,353:361,385:393,402:411,447:455,460:469,491:499,505:514,538:547,551:560,585:593,604:612,635:644,647:655,682:692,699:707,732:740)"
1xkw,A,1.0,beta,202,2.0,11,"(cname=A and rnum=187:196,200:209,217:226,239:248,254:263,303:312,317:325,364:373,380:388,438:446,451:459,477:486,491:498,522:531,536:543,576:584,589:596,623:630,638:646,666:674,679:686,711:719)"
3kvn,A,1.0,beta,118,2.499,12,"(cname=A and rnum=347:356,374:382,388:397,414:424,428:437,466:475,484:494,523:532,538:547,581:589,595:604,613:620)"
1wpg,A,1.0,alpha,189,2.3,13,"(cname=A and rnum=60:77,89:104,256:274,292:306,760:780,789:807,834:854,896:915,932:949,966:987)"
2hdi,A,1.0,beta,192,2.5,14,"(cname=A and rnum=164:173,184:192,199:207,236:243,249:258,276:283,288:296,316:323,330:338,362:371,376:384,395:403,408:415,454:463,471:478,530:538,543:550,573:579,587:594,615:624,627:634,655:662)"
2gsk,A,0.25,beta,193,2.1,15,"(cname=A and rnum=136:145,149:158,164:173,200:208,214:222,249:257,261:269,297:304,309:317,339:348,351:359,370:378,383:390,418:426,429:436,464:472,475:482,503:510,514:521,547:554,559:566,586:593)"
3m8d,A,0.25,beta,191,2.44,15,"(cname=A and rnum=136:145,149:158,164:173,201:208,214:222,249:257,261:269,297:306,309:316,339:348,351:358,371:378,383:390,418:426,429:436,464:472,475:482,503:510,514:521,547:554,559:566,586:593)"
2guf,A,0.25,beta,196,1.95,15,"(cname=A and rnum=136:145,149:158,164:173,200:208,214:222,249:257,261:269,297:304,309:317,339:348,351:359,370:378,383:390,417:426,429:436,463:472,475:482,502:510,514:521,547:554,559:566,586:593)"
1nqe,A,0.25,beta,193,2.0,15,"(cname=A and rnum=136:145,149:158,164:173,201:209,214:222,249:257,261:269,297:306,309:316,339:348,351:359,371:378,383:390,418:426,429:436,464:472,475:482,503:510,514:521,547:554,559:566,586:593)"
3efm,A,1.0,beta,199,2.33,16,"(cname=A and rnum=161:170,174:184,191:200,215:225,228:236,267:276,280:287,312:321,328:335,377:386,390:398,422:429,434:441,464:473,478:485,520:528,533:540,560:567,576:584,599:606,612:620,643:650)"
3s8g,A,1.0,alpha,312,1.8,17,"(cname=A and rnum=21:47,67:89,104:129,143:162,185:210,223:245,267:285,292:314,347:372,379:402,420:444,465:490,527:550) or (cname=B and rnum=15:37) or (cname=C and rnum=7:29)"
1m56,A,0.5,alpha,273,2.3,18,"(cname=A and rnum=29:53,98:121,138:158,188:209,230:252,277:299,315:334,346:368,379:402,415:437,451:473,495:516) or (cname=B and rnum=59:81,98:118) or (cname=C and rnum=16:36,41:59,82:100,133:151,165:186,204:225,242:263) or (cname=D and rnum=28:49)"
1v55,A,0.5,alpha,261,1.9,18,"(cname=A and rnum=19:39,56:78,100:117,141:162,187:211,233:255,272:291,304:325,336:359,372:393,409:429,453:472) or (cname=B and rnum=27:46,58:77) or (cname=C and rnum=17:35,40:54,82:100,126:145,162:181,197:216,237:258) or (cname=D and rnum=78:99) or (cname=G and rnum=18:37) or (cname=I and rnum=16:34) or (cname=J and rnum=34:54) or (cname=K and rnum=14:33) or (cname=L and rnum=22:42) or (cname=M and rnum=16:36) or (cname=N and rnum=19:39,56:78,100:117,141:162,187:211,233:255,272:291,304:325,337:359,372:393,409:429,453:472) or (cname=O and rnum=27:46,59:77) or (cname=P and rnum=17:35,40:54,82:100,126:145,162:181,197:217,237:258) or (cname=Q and rnum=78:99) or (cname=T and rnum=18:37) or (cname=V and rnum=16:35) or (cname=W and rnum=34:54) or (cname=X and rnum=14:33) or (cname=Y and rnum=22:43) or (cname=Z and rnum=16:36)"
2a65,A,1.0,alpha,284,1.65,19,"(cname=A and rnum=15:22,25:35,40:63,89:124,166:184,190:215,241:256,261:265,277:298,339:364,378:395,398:425,448:473,483:501) or (cname=B and rnum=15:22,25:35,40:63,89:124,166:184,190:215,241:256,261:265,277:298,339:364,378:395,398:425,448:473,483:501)"
2wsw,A,1.0,alpha,265,2.294,20,"(cname=A and rnum=13:30,52:67,92:98,102:112,132:142,144:154,187:216,231:248,254:277,312:335,348:370,404:433,447:464,469:492) or (cname=B and rnum=13:30,52:67,92:98,102:112,132:142,144:154,187:216,231:248,254:277,312:335,348:370,404:433,447:464,469:492) or (cname=C and rnum=13:30,52:67,92:98,102:112,132:142,144:154,187:216,231:248,254:277,312:335,348:370,404:433,447:464,469:492)"
3arc,b,1.0,alpha,139,1.9,21,"(cname=a and rnum=32:53,111:134,143:161,192:218,270:294) or (cname=b and rnum=17:39,95:115,135:159,197:218,234:256,450:474) or (cname=c and rnum=48:70,112:133,155:178,234:253,269:289,425:449) or (cname=d and rnum=32:53,109:131,141:162,191:217,266:289) or (cname=e and rnum=19:40) or (cname=f and rnum=18:42) or (cname=h and rnum=28:50) or (cname=i and rnum=4:27) or (cname=k and rnum=17:42) or (cname=l and rnum=14:35) or (cname=m and rnum=6:28) or (cname=t and rnum=3:23) or (cname=y and rnum=20:39) or (cname=x and rnum=6:20) or (cname=z and rnum=5:27,37:60) or (cname=a and rnum=32:53,111:134,143:161,192:218,270:294) or (cname=b and rnum=17:39,95:115,135:159,197:218,234:256,450:474) or (cname=c and rnum=48:70,112:133,155:178,234:253,269:289,425:449) or (cname=d and rnum=32:53,109:131,141:162,191:217,266:289) or (cname=e and rnum=19:40) or (cname=f and rnum=18:42) or (cname=h and rnum=28:50) or (cname=i and rnum=4:27) or (cname=J and rnum=9:31) or (cname=k and rnum=17:42) or (cname=l and rnum=14:35) or (cname=m and rnum=6:28) or (cname=t and rnum=3:23) or (cname=y and rnum=20:39) or (cname=x and rnum=6:20) or (cname=z and rnum=5:27,37:60) or (cname=J and rnum=9:31)"
3puw,F,1.0,alpha,179,2.3,22,"(cname=G and rnum=13:35,81:107,118:130,159:179,212:233,265:285) or (cname=F and rnum=15:35,40:59,64:88,277:307,311:330,366:392,422:444,490:501)"
3arc,c,1.0,alpha,135,1.9,23,"(cname=a and rnum=32:53,111:134,143:161,192:218,270:294) or (cname=b and rnum=17:39,95:115,135:159,197:218,234:256,450:474) or (cname=c and rnum=48:70,112:133,155:178,234:253,269:289,425:449) or (cname=d and rnum=32:53,109:131,141:162,191:217,266:289) or (cname=e and rnum=19:40) or (cname=f and rnum=18:42) or (cname=h and rnum=28:50) or (cname=i and rnum=4:27) or (cname=k and rnum=17:42) or (cname=l and rnum=14:35) or (cname=m and rnum=6:28) or (cname=t and rnum=3:23) or (cname=y and rnum=20:39) or (cname=x and rnum=6:20) or (cname=z and rnum=5:27,37:60) or (cname=a and rnum=32:53,111:134,143:161,192:218,270:294) or (cname=b and rnum=17:39,95:115,135:159,197:218,234:256,450:474) or (cname=c and rnum=48:70,112:133,155:178,234:253,269:289,425:449) or (cname=d and rnum=32:53,109:131,141:162,191:217,266:289) or (cname=e and rnum=19:40) or (cname=f and rnum=18:42) or (cname=h and rnum=28:50) or (cname=i and rnum=4:27) or (cname=J and rnum=9:31) or (cname=k and rnum=17:42) or (cname=l and rnum=14:35) or (cname=m and rnum=6:28) or (cname=t and rnum=3:23) or (cname=y and rnum=20:39) or (cname=x and rnum=6:20) or (cname=z and rnum=5:27,37:60) or (cname=J and rnum=9:31)"
3dwo,X,1.0,beta,130,2.2,24,"(cname=X and rnum=43:51,96:106,110:119,145:152,158:166,212:221,226:234,286:294,300:308,337:345,351:360,379:387,395:404,434:441)"
2rh1,C,1.0,alpha,166,2.4,25,"(cname=C and rnum=31:56,70:92,104:129,150:171,198:220,275:298,306:327) or (cname=D and rnum=31:56,70:92,104:129,150:171,198:220,275:298,306:327)"
3gia,A,1.0,alpha,267,2.32,26,"(cname=A and rnum=11:34,40:59,87:113,125:141,144:171,187:207,224:244,271:297,321:337,340:360,374:396,399:419)"
4afk,A,0.5,beta,166,1.897,27,"(cname=A and rnum=41:52,68:79,84:96,124:136,146:152,167:172,179:187,205:213,219:227,253:260,272:280,310:318,326:332,379:387,394:401,429:438,457:464,481:488)"
3rbh,A,0.5,beta,157,2.301,27,"(cname=A and rnum=42:52,68:79,84:96,125:135,146:152,167:172,179:187,206:213,219:227,254:260,272:280,310:318,326:331,379:387,394:399,429:438,458:464,481:488)"
3pik,A,1.0,beta,45,2.3,28,"(cname=C and rnum=83:93,107:117,289:299,315:326) or (cname=A and rnum=83:93,107:117,289:299,315:326) or (cname=B and rnum=83:93,107:117,289:299,315:326)"
1ek9,A,1.0,beta,44,2.1,29,"(cname=A and rnum=40:50,65:77,246:256,282:290) or (cname=C and rnum=40:50,65:77,246:256,282:290) or (cname=B and rnum=40:50,65:77,246:256,282:290)"
2qjy,A,0.25,alpha,185,2.4,30,"(cname=A and rnum=42:67,92:118,126:146,194:216,249:271,331:350,362:382,388:411) or (cname=B and rnum=227:248) or (cname=C and rnum=14:38) or (cname=D and rnum=42:67,92:121,126:146,194:216,249:271,331:350,362:382,388:411) or (cname=E and rnum=228:249) or (cname=F and rnum=14:38)"
3cx5,C,0.25,alpha,171,1.9,30,"(cname=C and rnum=27:49,81:106,111:130,181:201,226:245,290:308,321:340,349:370) or (cname=D and rnum=270:289) or (cname=E and rnum=54:79) or (cname=H and rnum=55:73) or (cname=I and rnum=18:33) or (cname=N and rnum=27:49,81:106,111:130,181:201,225:245,290:308,321:340,349:370) or (cname=O and rnum=270:289) or (cname=S and rnum=55:73) or (cname=P and rnum=54:79) or (cname=T and rnum=18:33)"
1l0l,C,0.25,alpha,176,2.35,30,"(cname=C and rnum=29:50,82:107,110:130,180:200,224:245,287:307,319:339,348:369) or (cname=D and rnum=204:224) or (cname=E and rnum=34:59) or (cname=G and rnum=47:62) or (cname=J and rnum=17:39) or (cname=K and rnum=18:37) or (cname=N and rnum=29:50,82:107,110:130,180:200,224:245,287:307,319:339,348:369) or (cname=O and rnum=204:224) or (cname=P and rnum=34:59) or (cname=R and rnum=47:62) or (cname=U and rnum=17:39) or (cname=V and rnum=18:37)"
1pp9,C,0.25,alpha,184,2.1,30,"(cname=C and rnum=29:50,82:107,110:130,180:200,224:245,272:281,288:307,319:339,349:369) or (cname=D and rnum=204:224) or (cname=E and rnum=34:59) or (cname=G and rnum=33:61) or (cname=J and rnum=17:39) or (cname=P and rnum=29:50,82:107,110:130,180:200,224:245,272:283,287:307,319:339,349:369) or (cname=Q and rnum=204:224) or (cname=R and rnum=34:59) or (cname=T and rnum=33:62) or (cname=W and rnum=17:39)"
2mpr,A,0.5,beta,176,2.4,31,"(cname=A and rnum=3:13,39:48,59:68,75:88,99:104,125:132,138:146,170:179,186:194,212:221,227:235,279:288,294:303,315:324,330:339,353:362,371:380,417:426) or (cname=B and rnum=3:13,39:48,59:68,75:88,98:104,125:132,138:146,170:179,186:194,212:221,227:235,279:288,294:303,315:324,330:339,353:362,371:380,417:426) or (cname=C and rnum=3:13,39:48,59:68,75:88,98:104,125:132,138:146,170:179,186:194,213:221,227:235,279:288,294:303,315:324,330:339,353:362,371:380,417:426)"
1af6,A,0.5,beta,178,2.4,31,"(cname=A and rnum=2:13,39:48,58:68,75:88,98:103,125:132,138:146,170:179,185:194,213:221,227:235,269:278,284:293,305:314,320:329,343:352,361:370,411:420) or (cname=B and rnum=2:13,39:48,58:68,75:88,98:103,125:132,138:146,170:179,185:194,213:221,227:235,269:278,284:293,305:314,320:329,343:352,361:370,411:420) or (cname=C and rnum=2:13,39:48,58:68,75:88,98:103,125:132,138:146,170:179,185:194,213:221,227:235,269:278,284:293,305:314,320:329,343:352,361:370,411:420)"
2qts,A,1.0,alpha,50,1.9,32,"(cname=A and rnum=45:67,427:453) or (cname=B and rnum=43:67,427:453) or (cname=C and rnum=41:67,427:453)"
1a0s,P,1.0,beta,163,2.4,33,"(cname=P and rnum=75:86,116:124,136:145,162:167,181:186,208:213,223:230,244:253,256:263,287:296,306:314,336:344,351:360,374:383,389:398,417:426,438:447,473:482) or (cname=Q and rnum=75:86,116:124,136:145,158:167,182:186,208:213,223:230,243:253,256:263,287:296,306:314,336:344,351:360,374:383,389:398,417:426,438:447,473:482) or (cname=R and rnum=75:86,116:124,136:145,162:167,181:186,208:213,223:230,244:253,256:263,287:296,306:314,336:345,351:360,374:383,389:398,417:426,438:447,473:482)"
2o4v,A,1.0,beta,143,1.94,34,"(cname=A and rnum=30:40,55:67,73:80,94:100,106:112,148:157,161:169,182:190,198:206,261:269,272:279,297:304,331:339,364:372,377:384,402:410) or (cname=B and rnum=30:40,55:67,73:80,94:100,106:112,148:157,161:169,182:190,198:206,261:269,272:279,297:304,331:339,364:372,377:384,402:410) or (cname=C and rnum=30:40,55:67,73:80,94:100,106:112,148:157,161:169,182:190,198:206,261:269,272:279,297:304,331:339,364:372,377:384,402:410)"
1yc9,A,1.0,beta,45,1.8,35,"(cname=A and rnum=114:125,144:153,327:338,352:362) or (cname=B and rnum=114:125,144:153,327:338,352:362) or (cname=C and rnum=114:125,144:153,327:338,352:362)"
3pgu,A,1.0,beta,125,1.7,36,"(cname=A and rnum=43:52,78:87,94:101,126:135,142:149,207:216,223:229,274:281,289:296,325:333,341:348,367:376,383:390,411:421)"
3tij,A,1.0,alpha,162,2.436,37,"(cname=A and rnum=2:20,31:49,101:119,175:182,186:195,199:217,245:282,355:363,394:414) or (cname=B and rnum=2:20,31:49,101:119,175:182,186:195,199:217,245:282,355:363,394:414) or (cname=C and rnum=2:20,31:49,101:119,175:182,186:195,199:217,245:282,355:363,394:414)"
2ns1,A,0.3333333333333333,alpha,238,1.962,38,"(cname=A and rnum=12:32,44:68,101:119,125:148,164:181,200:219,228:252,258:278,281:299,314:332,351:377) or (cname=C and rnum=12:32,44:68,101:119,125:148,164:181,200:219,228:252,258:278,281:299,314:332,351:377) or (cname=E and rnum=12:32,44:68,101:119,125:148,164:181,200:219,228:252,258:278,281:299,314:332,351:377)"
2b2f,A,0.3333333333333333,alpha,220,1.72,38,"(cname=A and rnum=8:27,39:57,90:106,114:137,153:170,189:208,218:237,246:263,269:287,301:319,338:363) or (cname=B and rnum=8:27,39:57,90:106,114:137,153:170,189:208,218:237,246:263,269:287,301:319,338:363) or (cname=C and rnum=8:27,39:57,90:106,114:137,153:170,189:208,218:237,246:263,269:287,301:319,338:363)"
1u7g,A,0.3333333333333333,alpha,247,1.4,38,"(cname=A and rnum=11:32,44:68,98:120,125:149,164:179,200:219,227:251,258:278,281:299,312:333,349:377) or (cname=B and rnum=11:32,44:68,98:120,125:149,164:179,200:219,227:251,258:278,281:299,312:333,349:377) or (cname=C and rnum=11:32,44:68,98:120,125:149,164:179,200:219,227:251,258:278,281:299,312:333,349:377)"
3hd6,A,1.0,alpha,258,2.1,39,"(cname=A and rnum=9:29,60:78,87:110,122:142,148:170,181:199,219:238,249:271,279:298,304:325,341:359,391:417) or (cname=C and rnum=9:29,60:78,87:110,122:142,148:170,181:199,219:238,249:271,279:298,304:325,341:359,391:417) or (cname=E and rnum=9:29,60:78,87:110,122:142,148:170,181:199,219:238,249:271,279:298,304:325,341:359,391:417)"
4eiy,A,1.0,alpha,169,1.8,40,"(cname=A and rnum=2:25,43:68,76:101,119:141,174:199,235:256,267:288)"
3b9y,A,0.5,alpha,232,1.85,41,"(cname=A and rnum=41:60,68:90,104:121,128:150,166:183,203:222,231:253,260:279,283:301,320:338,343:371) or (cname=E and rnum=41:60,68:90,104:121,128:150,166:183,203:222,231:253,260:279,283:301,320:338,343:371) or (cname=I and rnum=41:60,68:90,104:121,128:150,166:183,203:222,231:253,260:279,283:301,320:338,343:371)"
3b9w,A,0.5,alpha,239,1.3,41,"(cname=A and rnum=17:36,42:66,80:98,104:126,142:159,176:197,207:229,236:253,259:281,296:314,319:347) or (cname=B and rnum=17:36,42:66,80:98,104:126,142:159,176:197,207:229,236:253,259:281,296:314,319:347) or (cname=C and rnum=17:36,42:66,80:98,104:126,142:159,176:197,207:229,236:253,259:281,296:314,319:347)"
2r9r,B,1.0,alpha,150,2.4,42,"(cname=B and rnum=160:184,221:243,254:272,287:306,320:346,357:369,381:403) or (cname=D and rnum=160:184,221:243,254:272,287:306,320:346,357:369,381:403) or (cname=F and rnum=160:184,221:243,254:272,287:306,320:346,357:369,381:403) or (cname=H and rnum=160:184,221:243,254:272,287:306,320:346,357:369,381:403)"
3sy7,A,0.3333333333333333,beta,157,2.15,43,"(cname=A and rnum=19:27,42:52,62:70,99:110,111:118,140:145,150:157,185:191,199:204,212:221,229:236,253:262,265:273,315:322,334:339,369:379,386:394,409:418)"
3t24,A,0.3333333333333333,beta,141,2.4,43,"(cname=A and rnum=8:15,36:44,54:61,92:101,104:112,132:138,143:150,186:192,200:205,214:222,229:237,252:262,263:270,305:310,347:356,363:369,384:392)"
2y0k,A,0.3333333333333333,beta,157,2.295,43,"(cname=A and rnum=8:16,33:43,53:62,90:100,103:111,131:141,142:149,175:182,190:195,204:212,219:227,243:253,254:261,296:302,314:318,338:346,353:359,374:382)"
3szd,B,0.5,beta,143,2.311,44,"(cname=B and rnum=15:22,42:50,60:67,98:108,109:117,137:143,148:155,184:191,196:202,212:220,225:234,252:262,263:270,306:312,324:329,348:355,388:396)"
2y0h,A,0.5,beta,155,2.2,44,"(cname=A and rnum=8:16,34:44,54:61,92:101,104:112,132:138,143:151,179:186,193:198,207:215,222:230,248:258,259:266,302:308,317:324,344:353,360:366,381:389)"
2j58,A,1.0,alpha,29,2.25,45,(cname=A and rnum=346:374) or (cname=B and rnum=346:371) or (cname=C and rnum=346:374) or (cname=D and rnum=346:374) or (cname=E and rnum=346:374) or (cname=F and rnum=346:371) or (cname=G and rnum=346:374) or (cname=H and rnum=346:374)
2z73,A,1.0,alpha,172,2.5,46,"(cname=A and rnum=32:57,72:97,106:131,152:172,197:221,262:286,295:317) or (cname=B and rnum=32:57,72:97,106:131,152:172,197:221,262:286,295:317)"
2j1n,A,0.5,beta,152,2.0,47,"(cname=A and rnum=11:23,31:43,52:61,70:81,86:92,127:134,143:151,179:187,191:198,220:229,232:239,258:267,271:278,297:305,310:318,337:345) or (cname=B and rnum=11:23,31:43,50:61,70:82,86:92,127:134,143:151,179:188,191:198,220:229,232:239,259:267,271:278,297:305,310:318,337:345) or (cname=C and rnum=11:23,31:43,50:61,70:82,86:92,127:134,143:151,179:188,191:198,220:229,232:239,259:267,271:278,297:307,310:318,337:345)"
3pox,A,0.5,beta,139,2.0,47,"(cname=A and rnum=11:23,37:48,57:64,79:89,96:101,136:142,150:159,173:182,186:192,213:221,226:232,256:263,270:276,294:302,309:315,331:338) or (cname=B and rnum=11:23,37:48,57:64,79:89,96:101,136:142,150:159,173:182,186:192,213:221,226:232,256:263,270:276,294:302,309:315,331:338) or (cname=C and rnum=11:23,37:48,57:64,79:89,96:101,136:142,150:159,173:182,186:192,213:221,226:232,257:263,270:276,294:302,309:315,332:338)"
4ezc,A,1.0,alpha,178,2.36,48,"(cname=A and rnum=71:83,85:105,116:131,139:163,173:186,234:247,249:269,280:293,301:328,335:346) or (cname=B and rnum=71:83,85:105,116:131,139:163,173:186,234:247,249:269,280:293,301:328,335:346) or (cname=C and rnum=71:83,85:105,116:131,139:163,173:186,234:247,249:269,280:293,301:328,335:346)"
3arc,d,1.0,alpha,118,1.9,49,"(cname=a and rnum=32:53,111:134,143:161,192:218,270:294) or (cname=b and rnum=17:39,95:115,135:159,197:218,234:256,450:474) or (cname=c and rnum=48:70,112:133,155:178,234:253,269:289,425:449) or (cname=d and rnum=32:53,109:131,141:162,191:217,266:289) or (cname=e and rnum=19:40) or (cname=f and rnum=18:42) or (cname=h and rnum=28:50) or (cname=i and rnum=4:27) or (cname=k and rnum=17:42) or (cname=l and rnum=14:35) or (cname=m and rnum=6:28) or (cname=t and rnum=3:23) or (cname=y and rnum=20:39) or (cname=x and rnum=6:20) or (cname=z and rnum=5:27,37:60) or (cname=a and rnum=32:53,111:134,143:161,192:218,270:294) or (cname=b and rnum=17:39,95:115,135:159,197:218,234:256,450:474) or (cname=c and rnum=48:70,112:133,155:178,234:253,269:289,425:449) or (cname=d and rnum=32:53,109:131,141:162,191:217,266:289) or (cname=e and rnum=19:40) or (cname=f and rnum=18:42) or (cname=h and rnum=28:50) or (cname=i and rnum=4:27) or (cname=J and rnum=9:31) or (cname=k and rnum=17:42) or (cname=l and rnum=14:35) or (cname=m and rnum=6:28) or (cname=t and rnum=3:23) or (cname=y and rnum=20:39) or (cname=x and rnum=6:20) or (cname=z and rnum=5:27,37:60) or (cname=J and rnum=9:31)"
3a2s,A,1.0,beta,145,2.2,50,"(cname=A and rnum=2:14,34:47,57:64,78:84,88:94,132:141,144:152,171:179,183:190,219:227,231:238,260:268,271:278,297:304,310:318,332:340) or (cname=D and rnum=2:14,34:47,57:64,78:84,88:94,132:141,144:152,171:179,183:190,219:227,231:238,260:268,271:278,297:304,310:318,332:340) or (cname=G and rnum=2:14,34:47,57:64,78:84,88:94,132:141,144:152,171:179,183:190,219:227,231:238,260:268,271:278,297:304,310:318,332:340)"
3arc,a,1.0,alpha,117,1.9,51,"(cname=a and rnum=32:53,111:134,143:161,192:218,270:294) or (cname=b and rnum=17:39,95:115,135:159,197:218,234:256,450:474) or (cname=c and rnum=48:70,112:133,155:178,234:253,269:289,425:449) or (cname=d and rnum=32:53,109:131,141:162,191:217,266:289) or (cname=e and rnum=19:40) or (cname=f and rnum=18:42) or (cname=h and rnum=28:50) or (cname=i and rnum=4:27) or (cname=k and rnum=17:42) or (cname=l and rnum=14:35) or (cname=m and rnum=6:28) or (cname=t and rnum=3:23) or (cname=y and rnum=20:39) or (cname=x and rnum=6:20) or (cname=z and rnum=5:27,37:60) or (cname=a and rnum=32:53,111:134,143:161,192:218,270:294) or (cname=b and rnum=17:39,95:115,135:159,197:218,234:256,450:474) or (cname=c and rnum=48:70,112:133,155:178,234:253,269:289,425:449) or (cname=d and rnum=32:53,109:131,141:162,191:217,266:289) or (cname=e and rnum=19:40) or (cname=f and rnum=18:42) or (cname=h and rnum=28:50) or (cname=i and rnum=4:27) or (cname=J and rnum=9:31) or (cname=k and rnum=17:42) or (cname=l and rnum=14:35) or (cname=m and rnum=6:28) or (cname=t and rnum=3:23) or (cname=y and rnum=20:39) or (cname=x and rnum=6:20) or (cname=z and rnum=5:27,37:60) or (cname=J and rnum=9:31)"
3k3f,A,1.0,alpha,176,2.3,52,"(cname=A and rnum=31:44,46:66,77:92,97:118,131:144,194:207,209:229,240:254,261:286,295:307) or (cname=K and rnum=31:44,46:66,77:92,97:118,131:144,194:207,209:229,240:254,261:286,295:307) or (cname=U and rnum=31:44,46:66,77:92,97:117,131:144,194:207,209:229,240:254,261:286,295:307)"
2fgq,A,1.0,beta,143,1.45,53,"(cname=A and rnum=6:17,27:31,37:43,53:62,76:82,136:143,148:156,171:179,183:192,205:213,217:225,240:249,253:262,273:281,286:294,322:331) or (cname=C and rnum=6:17,27:31,37:43,53:62,76:82,136:143,148:156,171:179,183:192,205:213,217:225,240:249,253:262,273:281,286:294,322:331) or (cname=E and rnum=6:17,27:31,37:43,53:62,76:82,136:143,148:156,171:179,183:192,205:213,217:225,240:249,253:262,273:281,286:294,322:331)"
3spc,A,0.5,alpha,63,2.454,54,"(cname=D and rnum=80:107,130:142,156:177) or (cname=B and rnum=80:107,130:142,156:177) or (cname=C and rnum=80:107,130:142,156:177) or (cname=A and rnum=80:107,130:142,156:177)"
2qks,A,0.5,alpha,64,2.2,54,"(cname=A and rnum=42:66,79:91,103:128) or (cname=B and rnum=42:66,79:91,103:128) or (cname=C and rnum=42:66,79:91,103:128) or (cname=D and rnum=42:66,79:91,103:128)"
1dxr,M,0.25,alpha,112,2.0,55,"(cname=H and rnum=12:33) or (cname=L and rnum=33:54,85:106,116:138,171:192,228:251) or (cname=M and rnum=53:74,111:133,143:165,199:220,263:284)"
1eys,M,0.25,alpha,110,2.2,55,"(cname=M and rnum=55:75,112:133,143:165,197:220,264:283) or (cname=H and rnum=12:31) or (cname=L and rnum=33:54,92:114,124:146,179:200,237:258)"
2j8c,M,0.25,alpha,118,1.87,55,"(cname=L and rnum=33:54,84:106,116:138,170:192,229:251) or (cname=M and rnum=54:75,113:135,145:167,196:222,265:287) or (cname=H and rnum=13:32)"
1l9b,M,0.25,alpha,119,2.4,55,"(cname=L and rnum=31:53,84:106,116:138,167:192,228:251) or (cname=M and rnum=54:75,112:135,145:167,196:222,265:287) or (cname=H and rnum=12:33)"
2yev,B,1.0,alpha,45,2.36,56,"(cname=A and rnum=27:53,66:92,109:130,153:175,197:221,240:264,281:302,309:333,348:370,380:403,418:442,461:485,556:574,580:597,620:641,657:677,691:711,728:752,766:789) or (cname=B and rnum=37:59,83:104) or (cname=C and rnum=6:22,35:59)"
3m73,A,1.0,alpha,221,1.15,57,"(cname=A and rnum=12:30,37:60,80:100,102:125,140:160,163:185,199:218,225:246,255:274,281:307) or (cname=F and rnum=12:30,39:61,80:100,102:125,140:160,163:185,199:218,225:246,255:274,281:307) or (cname=K and rnum=12:29,39:61,80:100,102:125,140:160,163:185,199:218,225:246,255:274,281:307)"
2nq2,A,1.0,alpha,194,2.4,58,"(cname=A and rnum=7:26,62:84,99:111,117:139,149:170,194:214,240:257,263:274,281:304,311:328) or (cname=B and rnum=7:26,62:84,99:111,117:139,148:170,194:214,240:257,263:271,282:304,311:328)"
3zuy,A,1.0,alpha,227,2.2,59,"(cname=A and rnum=4:29,40:54,68:92,101:118,127:151,159:184,188:212,221:247,254:272,283:303)"
3odu,A,1.0,alpha,163,2.5,60,"(cname=A and rnum=39:61,76:98,106:132,155:174,195:220,241:264,283:302) or (cname=B and rnum=39:61,76:98,106:132,155:174,195:220,241:264,283:302)"
3slj,A,0.5,beta,122,2.481,61,"(cname=A and rnum=1039:1047,1061:1071,1077:1086,1103:1111,1118:1126,1149:1159,1167:1176,1202:1214,1221:1231,1258:1268,1272:1280,1290:1298)"
3aeh,A,0.5,beta,124,2.0,61,"(cname=A and rnum=1116:1124,1139:1146,1155:1163,1180:1190,1194:1203,1226:1236,1242:1252,1279:1291,1297:1308,1335:1345,1349:1357,1368:1377)"
2por,A,1.0,beta,141,1.8,62,"(cname=A and rnum=2:14,19:32,41:46,60:64,68:74,117:124,128:135,149:158,161:168,183:192,195:202,231:240,243:250,262:269,275:282,291:300) or (cname=B and rnum=2:14,19:32,41:46,60:64,68:74,117:124,128:135,149:158,161:168,183:192,195:202,231:240,243:250,262:269,275:282,291:300) or (cname=C and rnum=2:14,19:32,41:46,60:64,68:74,117:124,128:135,149:158,161:168,183:192,195:202,231:240,243:250,262:269,275:282,291:300)"
3v5u,A,1.0,alpha,216,1.9,63,"(cname=A and rnum=3:24,39:61,68:92,102:121,125:144,165:190,200:221,228:251,258:275,283:298)"
3fid,A,1.0,beta,122,1.9,64,"(cname=A and rnum=2:8,36:44,49:58,82:92,97:106,141:157,160:172,178:188,215:224,256:263,266:273,288:295)"
7ahl,A,0.5,beta,17,1.89,65,"(cname=A and rnum=119:126,132:140) or (cname=B and rnum=119:126,132:140) or (cname=C and rnum=119:126,132:140) or (cname=D and rnum=119:126,132:140) or (cname=E and rnum=119:126,132:140) or (cname=F and rnum=119:126,132:140) or (cname=G and rnum=119:126,132:140)"
3b07,A,0.5,beta,15,2.495,65,"(cname=A and rnum=119:126,129:135) or (cname=B and rnum=113:118,122:127) or (cname=C and rnum=119:126,129:135) or (cname=D and rnum=113:118,122:127) or (cname=E and rnum=119:126,129:135) or (cname=F and rnum=113:118,122:127) or (cname=G and rnum=119:126,129:135) or (cname=H and rnum=113:118,122:127)"
1okc,A,1.0,alpha,153,2.2,66,"(cname=A and rnum=11:33,73:95,108:138,172:197,210:235,269:292)"
1kqf,B,1.0,alpha,22,1.6,67,"(cname=B and rnum=256:277) or (cname=C and rnum=13:36,51:75,112:134,150:174) or (cname=D and rnum=256:277) or (cname=F and rnum=13:36,52:75,112:134,150:174) or (cname=H and rnum=252:277) or (cname=I and rnum=13:36,52:75,112:134,150:174)"
3prn,A,1.0,beta,152,1.9,68,"(cname=A and rnum=2:13,27:39,45:57,63:75,78:83,130:139,142:149,164:171,175:182,194:202,206:213,223:232,235:242,252:260,265:272,280:288) or (cname=B and rnum=2:13,27:39,45:57,63:75,78:83,130:139,142:149,164:171,175:182,194:202,206:213,223:232,235:242,252:260,265:272,280:288) or (cname=C and rnum=2:13,27:39,45:57,63:75,78:83,130:139,142:149,164:171,175:182,194:202,206:213,223:232,235:242,252:260,265:272,280:288)"
3puw,G,1.0,alpha,127,2.3,69,"(cname=G and rnum=13:35,81:107,118:130,159:179,212:233,265:285) or (cname=F and rnum=15:35,40:59,64:88,277:307,311:330,366:392,422:444,490:501)"
3emn,X,1.0,beta,172,2.3,70,"(cname=X and rnum=26:34,38:47,55:64,69:76,80:88,94:103,111:120,122:131,137:146,149:156,166:174,178:185,190:197,202:210,218:226,231:238,242:250,255:263,274:282)"
3vw7,A,1.0,alpha,176,2.2,71,"(cname=A and rnum=103:128,137:160,173:198,217:239,266:291,312:339,352:374)"
2j8c,L,0.25,alpha,114,1.87,72,"(cname=L and rnum=33:54,84:106,116:138,170:192,229:251) or (cname=M and rnum=54:75,113:135,145:167,196:222,265:287) or (cname=H and rnum=13:32)"
1l9b,L,0.25,alpha,119,2.4,72,"(cname=L and rnum=31:53,84:106,116:138,167:192,228:251) or (cname=M and rnum=54:75,112:135,145:167,196:222,265:287) or (cname=H and rnum=12:33)"
1eys,L,0.25,alpha,112,2.2,72,"(cname=M and rnum=55:75,112:133,143:165,197:220,264:283) or (cname=H and rnum=12:31) or (cname=L and rnum=33:54,92:114,124:146,179:200,237:258)"
1dxr,L,0.25,alpha,113,2.0,72,"(cname=H and rnum=12:33) or (cname=L and rnum=33:54,85:106,116:138,171:192,228:251) or (cname=M and rnum=53:74,111:133,143:165,199:220,263:284)"
3ug9,A,1.0,alpha,146,2.3,73,"(cname=B and rnum=89:109,121:138,157:175,188:207,212:232,252:274,281:304) or (cname=A and rnum=89:109,121:138,157:175,188:207,212:232,252:274,281:304)"
2x9k,A,0.3333333333333333,beta,139,2.18,74,"(cname=A and rnum=6:16,31:41,42:50,68:78,84:92,111:122,127:135,151:161,166:173,192:200,204:212,234:244,247:256,271:279)"
2iwv,A,0.3333333333333333,beta,136,2.3,74,"(cname=A and rnum=6:16,31:40,43:50,68:79,83:92,111:121,126:135,151:160,165:173,192:200,204:212,235:243,248:256,271:279)"
2f1c,A,0.3333333333333333,beta,131,2.3,74,"(cname=A and rnum=7:15,32:39,43:50,68:77,83:92,111:120,126:135,151:160,165:173,192:201,204:212,235:243,248:256,271:280)"
2x55,A,1.0,beta,104,1.85,75,"(cname=A and rnum=13:22,51:60,65:73,111:121,126:136,174:183,188:197,224:235,239:248,282:292)"
3b07,B,1.0,beta,12,2.495,76,"(cname=A and rnum=119:126,129:135) or (cname=B and rnum=113:118,122:127) or (cname=C and rnum=119:126,129:135) or (cname=D and rnum=113:118,122:127) or (cname=E and rnum=119:126,129:135) or (cname=F and rnum=113:118,122:127) or (cname=G and rnum=119:126,129:135) or (cname=H and rnum=113:118,122:127)"
2zxe,B,1.0,alpha,29,2.4,77,"(cname=A and rnum=99:115,128:149,291:313,319:343,774:795,804:822,849:872,917:938,952:970,985:1005) or (cname=B and rnum=33:61) or (cname=G and rnum=21:39)"
1m56,C,0.5,alpha,144,2.3,78,"(cname=A and rnum=29:53,98:121,138:158,188:209,230:252,277:299,315:334,346:368,379:402,415:437,451:473,495:516) or (cname=B and rnum=59:81,98:118) or (cname=C and rnum=16:36,41:59,82:100,133:151,165:186,204:225,242:263) or (cname=D and rnum=28:49)"
1v55,C,0.5,alpha,135,1.9,78,"(cname=A and rnum=19:39,56:78,100:117,141:162,187:211,233:255,272:291,304:325,336:359,372:393,409:429,453:472) or (cname=B and rnum=27:46,58:77) or (cname=C and rnum=17:35,40:54,82:100,126:145,162:181,197:216,237:258) or (cname=D and rnum=78:99) or (cname=G and rnum=18:37) or (cname=I and rnum=16:34) or (cname=J and rnum=34:54) or (cname=K and rnum=14:33) or (cname=L and rnum=22:42) or (cname=M and rnum=16:36) or (cname=N and rnum=19:39,56:78,100:117,141:162,187:211,233:255,272:291,304:325,337:359,372:393,409:429,453:472) or (cname=O and rnum=27:46,59:77) or (cname=P and rnum=17:35,40:54,82:100,126:145,162:181,197:217,237:258) or (cname=Q and rnum=78:99) or (cname=T and rnum=18:37) or (cname=V and rnum=16:35) or (cname=W and rnum=34:54) or (cname=X and rnum=14:33) or (cname=Y and rnum=22:43) or (cname=Z and rnum=16:36)"
2w2e,A,1.0,alpha,151,1.15,79,"(cname=A and rnum=44:66,86:105,113:122,127:148,171:191,197:216,225:234,242:266) or (cname=B and rnum=44:66,86:105,113:122,127:148,171:191,197:216,225:234,242:266) or (cname=C and rnum=44:66,86:105,113:122,127:148,171:191,197:216,225:234,242:266) or (cname=D and rnum=44:66,86:105,113:122,127:148,171:191,197:216,225:234,242:266)"
2b6p,A,0.16666666666666666,alpha,151,2.4,80,"(cname=A and rnum=9:31,41:60,69:78,83:107,127:149,160:176,185:194,201:223) or (cname=B and rnum=9:31,41:60,69:78,83:107,127:149,160:176,185:194,201:223) or (cname=C and rnum=9:31,41:60,69:78,83:107,127:149,160:176,185:194,201:223) or (cname=D and rnum=9:31,41:60,69:78,83:107,127:149,160:176,185:194,201:223)"
1j4n,A,0.16666666666666666,alpha,144,2.2,80,"(cname=A and rnum=10:32,51:70,79:88,93:115,141:159,170:186,195:204,211:232) or (cname=B and rnum=10:32,51:70,79:88,93:115,141:159,170:186,195:204,211:232) or (cname=C and rnum=10:32,51:70,79:88,93:115,141:159,170:186,195:204,211:232) or (cname=D and rnum=10:32,51:70,79:88,93:115,141:159,170:186,195:204,211:232)"
2b6o,A,0.16666666666666666,alpha,154,1.9,80,"(cname=A and rnum=8:31,41:62,69:78,83:107,127:149,160:176,185:194,201:223) or (cname=B and rnum=8:31,41:62,69:78,83:107,127:149,160:176,185:194,201:223) or (cname=C and rnum=8:31,41:62,69:78,83:107,127:149,160:176,185:194,201:223) or (cname=F and rnum=8:31,41:62,69:78,83:107,127:149,160:176,185:194,201:223)"
1ymg,A,0.16666666666666666,alpha,157,2.24,80,"(cname=A and rnum=9:31,41:63,69:80,83:107,127:149,160:176,185:194,200:223) or (cname=B and rnum=9:31,41:63,69:80,83:107,127:149,160:176,185:194,200:223) or (cname=C and rnum=9:31,41:63,69:80,83:107,127:149,160:176,185:194,200:223) or (cname=D and rnum=9:31,41:63,69:80,83:107,127:149,160:176,185:194,200:223)"
3gd8,A,0.16666666666666666,alpha,153,1.8,80,"(cname=A and rnum=34:56,70:91,98:107,112:136,156:178,189:205,214:223,230:252) or (cname=B and rnum=34:56,70:91,98:107,112:136,156:178,189:205,214:223,230:252) or (cname=C and rnum=34:56,70:91,98:107,112:136,156:178,189:205,214:223,230:252) or (cname=D and rnum=34:56,70:91,98:107,112:136,156:178,189:205,214:223,230:252)"
3m9i,A,0.16666666666666666,alpha,119,2.5,80,"(cname=A and rnum=13:31,40:59,86:108,126:145,160:178,201:218) or (cname=B and rnum=13:31,40:59,86:108,126:145,160:178,201:218) or (cname=C and rnum=13:31,40:59,86:108,126:145,160:178,201:218) or (cname=D and rnum=13:31,40:59,86:108,126:145,160:178,201:218)"
1m56,B,1.0,alpha,44,2.3,81,"(cname=A and rnum=29:53,98:121,138:158,188:209,230:252,277:299,315:334,346:368,379:402,415:437,451:473,495:516) or (cname=B and rnum=59:81,98:118) or (cname=C and rnum=16:36,41:59,82:100,133:151,165:186,204:225,242:263) or (cname=D and rnum=28:49)"
3a7k,A,0.5,alpha,147,2.0,82,"(cname=A and rnum=32:55,68:87,121:138,150:168,173:195,213:231,241:264) or (cname=B and rnum=32:55,68:87,121:138,150:168,173:195,213:231,241:264) or (cname=D and rnum=32:55,68:87,121:138,150:168,173:195,214:231,241:264)"
1e12,A,0.5,alpha,151,1.8,82,"(cname=A and rnum=27:50,63:82,106:123,134:153,159:180,199:221,227:250) or (cname=B and rnum=27:50,63:82,106:123,134:153,159:180,199:221,227:250) or (cname=C and rnum=27:50,63:82,106:123,134:153,159:180,199:221,227:250)"
1dxr,H,0.25,alpha,22,2.0,83,"(cname=H and rnum=12:33) or (cname=L and rnum=33:54,85:106,116:138,171:192,228:251) or (cname=M and rnum=53:74,111:133,143:165,199:220,263:284)"
1l9b,H,0.25,alpha,22,2.4,83,"(cname=L and rnum=31:53,84:106,116:138,167:192,228:251) or (cname=M and rnum=54:75,112:135,145:167,196:222,265:287) or (cname=H and rnum=12:33)"
2j8c,H,0.25,alpha,20,1.87,83,"(cname=L and rnum=33:54,84:106,116:138,170:192,229:251) or (cname=M and rnum=54:75,113:135,145:167,196:222,265:287) or (cname=H and rnum=13:32)"
1eys,H,0.25,alpha,20,2.2,83,"(cname=M and rnum=55:75,112:133,143:165,197:220,264:283) or (cname=H and rnum=12:31) or (cname=L and rnum=33:54,92:114,124:146,179:200,237:258)"
1qd5,A,0.5,beta,114,2.17,84,"(cname=A and rnum=38:43,67:78,86:98,113:122,134:143,156:164,169:177,195:203,206:214,222:232,235:243,258:264)"
1qd6,C,0.5,beta,112,2.1,84,"(cname=C and rnum=38:43,67:78,87:96,113:122,135:143,155:164,169:179,195:201,206:215,221:232,235:243,259:264) or (cname=D and rnum=38:43,67:78,87:96,113:122,135:143,156:164,169:179,195:201,206:214,222:230,235:243,259:264)"
3kly,A,0.5,alpha,152,2.1,85,"(cname=A and rnum=33:55,64:84,109:134,160:182,187:204,209:222,246:272) or (cname=B and rnum=30:55,64:85,109:134,160:182,187:204,209:222,246:272) or (cname=C and rnum=33:55,63:84,89:94,109:134,160:182,187:204,209:222,246:271) or (cname=D and rnum=33:55,63:84,109:134,160:182,187:204,209:222,246:271) or (cname=E and rnum=33:55,64:84,109:134,160:182,187:204,209:222,246:271)"
3kcu,A,0.5,alpha,146,2.243,85,"(cname=A and rnum=31:56,65:85,113:135,161:181,188:205,210:219,250:276) or (cname=B and rnum=31:56,65:85,113:135,161:181,188:205,210:219,250:276) or (cname=C and rnum=31:56,65:85,113:135,161:181,188:205,210:219,250:275) or (cname=D and rnum=31:56,65:85,113:135,161:181,188:205,210:219,250:273) or (cname=E and rnum=31:56,65:85,113:135,161:181,188:205,210:219,250:276)"
2qjy,B,1.0,alpha,22,2.4,86,"(cname=A and rnum=42:67,92:118,126:146,194:216,249:271,331:350,362:382,388:411) or (cname=B and rnum=227:248) or (cname=C and rnum=14:38) or (cname=D and rnum=42:67,92:121,126:146,194:216,249:271,331:350,362:382,388:411) or (cname=E and rnum=228:249) or (cname=F and rnum=14:38)"
2bs2,C,1.0,alpha,128,1.78,87,"(cname=C and rnum=28:53,76:98,128:154,162:188,208:232) or (cname=F and rnum=28:53,76:98,128:154,166:188,208:232)"
1ldf,A,1.0,alpha,145,2.1,88,"(cname=A and rnum=11:32,41:59,69:78,86:107,145:166,179:195,204:217,233:251) or (cname=B and rnum=11:32,41:59,69:78,86:107,145:166,179:195,204:217,233:251) or (cname=C and rnum=11:32,41:59,69:78,86:107,145:166,179:195,204:217,233:251) or (cname=D and rnum=11:32,41:59,69:78,86:107,145:166,179:195,204:217,233:251)"
3ddl,A,1.0,alpha,142,1.9,89,"(cname=A and rnum=15:37,47:67,91:108,123:141,152:171,191:210,227:247)"
1z98,A,0.5,alpha,138,2.1,90,"(cname=A and rnum=37:58,75:92,102:111,116:137,164:182,200:214,223:232,242:263) or (cname=B and rnum=37:58,75:92,102:111,116:137,164:182,200:214,223:232,242:263) or (cname=C and rnum=37:58,75:92,102:111,116:137,164:182,200:214,223:232,242:263) or (cname=D and rnum=37:58,75:92,102:111,116:137,164:182,200:214,223:232,242:263)"
3d9s,A,0.5,alpha,147,2.0,90,"(cname=A and rnum=9:31,43:63,70:79,84:105,129:150,161:177,186:195,203:224) or (cname=B and rnum=9:31,43:63,70:81,84:105,131:150,161:177,186:195,203:224) or (cname=C and rnum=9:31,43:63,70:81,84:105,129:150,161:177,186:195,203:224) or (cname=D and rnum=9:31,43:63,70:81,84:105,129:150,161:177,186:195,203:224)"
2vpz,C,1.0,alpha,161,2.4,91,"(cname=C and rnum=16:37,49:67,88:108,114:136,146:167,173:193,208:221,226:244) or (cname=G and rnum=15:39,48:66,87:107,113:135,145:166,172:192,207:220,224:243)"
4fc4,A,1.0,alpha,155,2.4,92,"(cname=A and rnum=24:49,56:75,98:126,150:173,177:193,201:210,219:247) or (cname=B and rnum=24:49,56:75,98:126,150:173,177:193,201:210,219:247) or (cname=C and rnum=24:49,56:75,98:126,150:173,177:193,201:210,219:247) or (cname=D and rnum=24:49,56:75,98:126,150:173,177:193,201:210,219:247) or (cname=E and rnum=24:49,56:75,98:126,150:173,177:193,201:210,219:247)"
1k24,A,0.5,beta,103,2.03,93,"(cname=A and rnum=9:17,33:42,49:57,89:98,108:117,136:147,153:165,189:199,206:215,244:252)"
2vdf,A,0.5,beta,101,1.95,93,"(cname=A and rnum=9:17,34:42,49:57,90:99,108:117,136:147,153:165,189:199,206:215,244:251)"
3cx5,D,0.3333333333333333,alpha,20,1.9,94,"(cname=C and rnum=27:49,81:106,111:130,181:201,226:245,290:308,321:340,349:370) or (cname=D and rnum=270:289) or (cname=E and rnum=54:79) or (cname=H and rnum=55:73) or (cname=I and rnum=18:33) or (cname=N and rnum=27:49,81:106,111:130,181:201,225:245,290:308,321:340,349:370) or (cname=O and rnum=270:289) or (cname=S and rnum=55:73) or (cname=P and rnum=54:79) or (cname=T and rnum=18:33)"
1pp9,D,0.3333333333333333,alpha,21,2.1,94,"(cname=C and rnum=29:50,82:107,110:130,180:200,224:245,272:281,288:307,319:339,349:369) or (cname=D and rnum=204:224) or (cname=E and rnum=34:59) or (cname=G and rnum=33:61) or (cname=J and rnum=17:39) or (cname=P and rnum=29:50,82:107,110:130,180:200,224:245,272:283,287:307,319:339,349:369) or (cname=Q and rnum=204:224) or (cname=R and rnum=34:59) or (cname=T and rnum=33:62) or (cname=W and rnum=17:39)"
1l0l,D,0.3333333333333333,alpha,21,2.35,94,"(cname=C and rnum=29:50,82:107,110:130,180:200,224:245,287:307,319:339,348:369) or (cname=D and rnum=204:224) or (cname=E and rnum=34:59) or (cname=G and rnum=47:62) or (cname=J and rnum=17:39) or (cname=K and rnum=18:37) or (cname=N and rnum=29:50,82:107,110:130,180:200,224:245,287:307,319:339,348:369) or (cname=O and rnum=204:224) or (cname=P and rnum=34:59) or (cname=R and rnum=47:62) or (cname=U and rnum=17:39) or (cname=V and rnum=18:37)"
2f2b,A,1.0,alpha,152,1.68,95,"(cname=A and rnum=8:29,52:74,83:91,100:122,143:164,175:192,200:213,220:240) or (cname=B and rnum=8:29,52:74,83:91,100:122,143:164,175:192,200:213,220:240) or (cname=C and rnum=8:29,52:74,83:91,100:122,143:164,175:192,200:213,220:240) or (cname=D and rnum=8:29,52:74,83:91,100:122,143:164,175:192,200:213,220:240)"
4e1t,A,0.5,beta,106,2.263,96,"(cname=A and rnum=150:157,166:175,183:191,197:206,211:220,229:240,241:249,270:277,287:292,313:321,328:333,343:351)"
4e1s,A,0.5,beta,102,1.855,96,"(cname=A and rnum=211:219,226:234,242:251,256:264,272:279,287:296,300:308,329:336,347:353,372:380,387:392,401:408)"
3c02,A,1.0,alpha,162,2.05,97,"(cname=A and rnum=9:33,43:62,71:80,85:110,134:156,166:186,194:206,219:242) or (cname=B and rnum=9:33,43:62,71:80,85:110,134:156,166:186,194:206,219:242) or (cname=C and rnum=9:33,43:62,71:80,85:110,134:156,166:186,194:206,219:242) or (cname=D and rnum=9:33,43:62,71:80,85:110,134:156,166:186,194:206,219:242)"
2ei4,A,0.14285714285714285,alpha,139,2.1,98,"(cname=A and rnum=13:33,48:66,86:102,114:132,137:158,178:196,206:227) or (cname=B and rnum=13:33,48:66,86:102,114:132,137:158,178:196,206:227) or (cname=C and rnum=13:33,48:66,86:102,114:132,137:158,178:196,206:227)"
1vgo,A,0.14285714285714285,alpha,147,2.5,98,"(cname=A and rnum=13:36,47:66,85:103,111:132,136:157,179:196,206:227)"
2zzl,A,0.14285714285714285,alpha,148,2.03,98,"(cname=B and rnum=9:30,44:64,80:97,108:128,133:154,173:194,201:222) or (cname=C and rnum=9:30,44:64,80:97,108:128,133:154,173:194,201:222) or (cname=A and rnum=9:30,44:64,80:97,108:128,133:154,173:194,201:222)"
1py6,A,0.14285714285714285,alpha,146,1.8,98,"(cname=A and rnum=8:29,43:62,80:97,105:127,131:152,177:196,201:221)"
1h2s,A,0.14285714285714285,alpha,140,1.93,98,"(cname=A and rnum=3:24,38:57,70:87,98:117,122:141,163:180,190:211) or (cname=B and rnum=24:41,60:81) or (cname=C and rnum=24:41,60:81) or (cname=D and rnum=3:24,38:57,70:87,98:117,122:141,163:180,190:211)"
1m0l,A,0.14285714285714285,alpha,153,1.47,98,"(cname=A and rnum=9:31,43:62,80:98,108:127,132:154,173:196,201:224) or (cname=B and rnum=9:31,43:62,80:98,108:127,132:154,173:196,201:224) or (cname=C and rnum=9:31,43:62,80:98,108:127,132:154,173:196,201:224)"
1h68,A,0.14285714285714285,alpha,139,2.1,98,"(cname=A and rnum=3:24,37:56,70:87,98:117,121:141,165:180,190:211)"
1rc2,B,0.5,alpha,156,2.5,99,"(cname=B and rnum=4:27,34:55,64:73,81:103,131:152,161:181,187:197,201:223) or (cname=A and rnum=4:27,34:55,64:73,81:103,131:152,161:181,187:197,201:223) or (cname=C and rnum=4:27,34:55,64:73,81:103,131:152,161:181,187:197,201:223) or (cname=D and rnum=4:27,34:55,64:73,81:103,131:152,161:181,187:197,201:223)"
3llq,A,0.5,alpha,148,2.01,99,"(cname=A and rnum=5:25,36:55,64:73,80:103,129:150,159:175,185:195,199:221) or (cname=B and rnum=5:25,36:55,64:73,80:104,129:150,159:175,185:195,199:221) or (cname=C and rnum=5:25,36:55,64:73,80:103,129:150,159:175,185:195,199:221) or (cname=D and rnum=5:25,36:55,64:73,80:104,129:150,159:175,185:195,199:221)"
3tx3,A,1.0,alpha,110,2.3,100,"(cname=A and rnum=27:48,82:103,133:158,160:178,208:217,219:229)"
1v55,B,1.0,alpha,40,1.9,101,"(cname=A and rnum=19:39,56:78,100:117,141:162,187:211,233:255,272:291,304:325,336:359,372:393,409:429,453:472) or (cname=B and rnum=27:46,58:77) or (cname=C and rnum=17:35,40:54,82:100,126:145,162:181,197:216,237:258) or (cname=D and rnum=78:99) or (cname=G and rnum=18:37) or (cname=I and rnum=16:34) or (cname=J and rnum=34:54) or (cname=K and rnum=14:33) or (cname=L and rnum=22:42) or (cname=M and rnum=16:36) or (cname=N and rnum=19:39,56:78,100:117,141:162,187:211,233:255,272:291,304:325,337:359,372:393,409:429,453:472) or (cname=O and rnum=27:46,59:77) or (cname=P and rnum=17:35,40:54,82:100,126:145,162:181,197:217,237:258) or (cname=Q and rnum=78:99) or (cname=T and rnum=18:37) or (cname=V and rnum=16:35) or (cname=W and rnum=34:54) or (cname=X and rnum=14:33) or (cname=Y and rnum=22:43) or (cname=Z and rnum=16:36)"
1q16,C,1.0,alpha,115,1.9,102,"(cname=C and rnum=3:26,50:71,85:110,124:147,182:200) or (cname=F and rnum=3:26,50:71,85:110,124:147,182:200)"
2bhw,A,1.0,alpha,66,2.5,103,"(cname=A and rnum=63:85,124:143,178:200) or (cname=B and rnum=63:85,124:143,178:200) or (cname=C and rnum=63:85,124:143,179:200)"
1xio,A,1.0,alpha,154,2.0,104,"(cname=A and rnum=3:26,34:56,70:89,99:121,126:147,168:185,195:218)"
1kqf,C,1.0,alpha,97,1.6,105,"(cname=B and rnum=256:277) or (cname=C and rnum=13:36,51:75,112:134,150:174) or (cname=D and rnum=256:277) or (cname=F and rnum=13:36,52:75,112:134,150:174) or (cname=H and rnum=252:277) or (cname=I and rnum=13:36,52:75,112:134,150:174)"
2x27,X,1.0,beta,75,2.4,106,"(cname=X and rnum=10:18,47:55,61:68,94:101,111:121,147:157,163:172,200:208)"
2wjr,A,1.0,beta,111,1.8,107,"(cname=A and rnum=3:9,17:26,30:38,54:63,69:79,85:94,100:109,129:136,142:150,168:177,181:189,206:213)"
1l0l,E,0.3333333333333333,alpha,26,2.35,108,"(cname=C and rnum=29:50,82:107,110:130,180:200,224:245,287:307,319:339,348:369) or (cname=D and rnum=204:224) or (cname=E and rnum=34:59) or (cname=G and rnum=47:62) or (cname=J and rnum=17:39) or (cname=K and rnum=18:37) or (cname=N and rnum=29:50,82:107,110:130,180:200,224:245,287:307,319:339,348:369) or (cname=O and rnum=204:224) or (cname=P and rnum=34:59) or (cname=R and rnum=47:62) or (cname=U and rnum=17:39) or (cname=V and rnum=18:37)"
1pp9,E,0.3333333333333333,alpha,26,2.1,108,"(cname=C and rnum=29:50,82:107,110:130,180:200,224:245,272:281,288:307,319:339,349:369) or (cname=D and rnum=204:224) or (cname=E and rnum=34:59) or (cname=G and rnum=33:61) or (cname=J and rnum=17:39) or (cname=P and rnum=29:50,82:107,110:130,180:200,224:245,272:283,287:307,319:339,349:369) or (cname=Q and rnum=204:224) or (cname=R and rnum=34:59) or (cname=T and rnum=33:62) or (cname=W and rnum=17:39)"
3cx5,E,0.3333333333333333,alpha,26,1.9,108,"(cname=C and rnum=27:49,81:106,111:130,181:201,226:245,290:308,321:340,349:370) or (cname=D and rnum=270:289) or (cname=E and rnum=54:79) or (cname=H and rnum=55:73) or (cname=I and rnum=18:33) or (cname=N and rnum=27:49,81:106,111:130,181:201,225:245,290:308,321:340,349:370) or (cname=O and rnum=270:289) or (cname=S and rnum=55:73) or (cname=P and rnum=54:79) or (cname=T and rnum=18:33)"
2nr9,A,0.25,alpha,104,2.2,109,"(cname=A and rnum=10:27,63:81,86:107,116:128,143:156,166:183)"
2xow,A,0.25,alpha,108,2.09,109,"(cname=A and rnum=95:114,148:166,171:192,201:214,228:242,252:269)"
3zeb,A,0.25,alpha,105,2.2,109,"(cname=A and rnum=95:114,148:163,171:192,201:213,227:242,251:268)"
2xtv,A,0.25,alpha,105,1.7,109,"(cname=A and rnum=95:114,148:163,171:192,201:213,227:242,251:268)"
4dve,A,1.0,alpha,119,2.09,110,"(cname=A and rnum=7:25,40:53,54:70,90:104,118:145,149:174)"
1uun,A,1.0,beta,19,2.5,111,"(cname=A and rnum=74:83,111:119) or (cname=B and rnum=74:83,111:119) or (cname=E and rnum=74:83,111:119) or (cname=F and rnum=74:83,111:119) or (cname=H and rnum=74:83,111:119) or (cname=G and rnum=74:83,111:119) or (cname=D and rnum=74:83,111:119) or (cname=C and rnum=74:83,111:119)"
2qjy,C,1.0,alpha,25,2.4,112,"(cname=A and rnum=42:67,92:118,126:146,194:216,249:271,331:350,362:382,388:411) or (cname=B and rnum=227:248) or (cname=C and rnum=14:38) or (cname=D and rnum=42:67,92:121,126:146,194:216,249:271,331:350,362:382,388:411) or (cname=E and rnum=228:249) or (cname=F and rnum=14:38)"
3rlb,A,1.0,alpha,118,2.0,113,"(cname=A and rnum=9:26,39:49,53:70,79:98,110:133,143:169)"
1bxw,A,1.0,beta,76,2.5,114,"(cname=A and rnum=7:15,35:44,51:58,76:85,93:101,120:130,137:145,160:169)"
3s8g,B,1.0,alpha,23,1.8,115,"(cname=A and rnum=21:47,67:89,104:129,143:162,185:210,223:245,267:285,292:314,347:372,379:402,420:444,465:490,527:550) or (cname=B and rnum=15:37) or (cname=C and rnum=7:29)"
2bl2,A,1.0,alpha,96,2.1,116,"(cname=A and rnum=16:39,55:78,93:116,131:154) or (cname=B and rnum=16:39,55:78,93:116,131:154) or (cname=C and rnum=16:39,55:78,93:116,131:154) or (cname=D and rnum=16:39,55:78,93:116,131:154) or (cname=E and rnum=16:39,55:78,93:116,131:154) or (cname=F and rnum=16:39,55:78,93:116,131:154) or (cname=G and rnum=16:39,55:78,93:116,131:154) or (cname=H and rnum=16:39,55:78,93:116,131:154) or (cname=I and rnum=16:39,55:78,93:116,131:154) or (cname=J and rnum=16:39,55:78,93:116,131:154)"
3gp6,A,0.5,beta,84,1.4,117,"(cname=A and rnum=22:30,53:58,65:74,81:94,101:114,121:133,136:144,153:161)"
1thq,A,0.5,beta,78,1.9,117,"(cname=A and rnum=23:32,52:58,66:74,81:93,103:112,120:132,136:142,153:161)"
3qra,A,0.5,beta,65,1.801,118,"(cname=A and rnum=29:37,54:62,69:75,98:106,113:119,141:150,157:162,173:180)"
1qj8,A,0.5,beta,73,1.9,118,"(cname=A and rnum=3:10,23:30,37:45,63:73,77:86,107:116,121:129,139:146)"
1jb0,L,1.0,alpha,66,2.5,119,"(cname=A and rnum=72:93,159:179,193:216,298:314,354:374,392:413,439:464,536:557,591:613,674:691,725:745) or (cname=B and rnum=45:66,135:155,170:193,273:289,335:355,373:394,420:442,523:544,578:600,654:671,709:729) or (cname=F and rnum=60:84) or (cname=I and rnum=9:32) or (cname=J and rnum=11:30) or (cname=K and rnum=21:32,57:76) or (cname=L and rnum=44:65,74:95,120:141) or (cname=M and rnum=6:27) or (cname=X and rnum=11:31)"
2erv,A,1.0,beta,87,2.0,120,"(cname=A and rnum=2:9,15:24,37:48,58:70,76:88,102:114,118:127,141:148)"
2uuh,A,1.0,alpha,81,2.15,121,"(cname=A and rnum=4:24,56:73,76:92,107:131) or (cname=B and rnum=4:24,56:73,76:92,107:131) or (cname=C and rnum=4:24,56:73,76:92,107:131)"
4al0,A,1.0,alpha,88,1.16,122,"(cname=A and rnum=14:36,71:90,97:118,124:146) or (cname=B and rnum=14:36,71:90,97:118,124:146) or (cname=C and rnum=14:36,71:90,97:118,124:146)"
2j7a,I,1.0,alpha,20,2.3,123,(cname=I and rnum=15:34) or (cname=L and rnum=15:34)
1v55,D,1.0,alpha,22,1.9,124,"(cname=A and rnum=19:39,56:78,100:117,141:162,187:211,233:255,272:291,304:325,336:359,372:393,409:429,453:472) or (cname=B and rnum=27:46,58:77) or (cname=C and rnum=17:35,40:54,82:100,126:145,162:181,197:216,237:258) or (cname=D and rnum=78:99) or (cname=G and rnum=18:37) or (cname=I and rnum=16:34) or (cname=J and rnum=34:54) or (cname=K and rnum=14:33) or (cname=L and rnum=22:42) or (cname=M and rnum=16:36) or (cname=N and rnum=19:39,56:78,100:117,141:162,187:211,233:255,272:291,304:325,337:359,372:393,409:429,453:472) or (cname=O and rnum=27:46,59:77) or (cname=P and rnum=17:35,40:54,82:100,126:145,162:181,197:217,237:258) or (cname=Q and rnum=78:99) or (cname=T and rnum=18:37) or (cname=V and rnum=16:35) or (cname=W and rnum=34:54) or (cname=X and rnum=14:33) or (cname=Y and rnum=22:43) or (cname=Z and rnum=16:36)"
1jb0,F,1.0,alpha,25,2.5,125,"(cname=A and rnum=72:93,159:179,193:216,298:314,354:374,392:413,439:464,536:557,591:613,674:691,725:745) or (cname=B and rnum=45:66,135:155,170:193,273:289,335:355,373:394,420:442,523:544,578:600,654:671,709:729) or (cname=F and rnum=60:84) or (cname=I and rnum=9:32) or (cname=J and rnum=11:30) or (cname=K and rnum=21:32,57:76) or (cname=L and rnum=44:65,74:95,120:141) or (cname=M and rnum=6:27) or (cname=X and rnum=11:31)"
1yq3,C,0.5,alpha,71,2.2,126,"(cname=C and rnum=37:62,85:110,121:139) or (cname=D and rnum=8:29,34:55,63:84)"
1zoy,C,0.5,alpha,72,2.4,126,"(cname=C and rnum=40:65,88:113,123:142) or (cname=D and rnum=44:62,66:88,100:120)"
1qjp,A,1.0,beta,83,1.65,127,"(cname=A and rnum=7:15,35:45,49:58,76:85,91:101,120:131,135:144,160:169)"
1ors,C,1.0,alpha,98,1.9,128,"(cname=C and rnum=25:46,55:78,86:97,100:107,117:148)"
2ahy,A,0.5,alpha,59,2.4,129,"(cname=A and rnum=24:45,50:64,74:95) or (cname=B and rnum=24:45,50:64,74:95) or (cname=C and rnum=24:45,50:64,74:95) or (cname=D and rnum=24:45,50:64,74:95)"
3ouf,A,0.5,alpha,61,1.55,129,"(cname=A and rnum=24:46,50:62,75:99) or (cname=B and rnum=24:46,50:62,75:99) or (cname=C and rnum=24:46,50:62,75:99) or (cname=D and rnum=24:46,50:62,75:99)"
1r3j,C,0.5,alpha,61,1.9,130,"(cname=C and rnum=25:50,65:73,86:111) or (cname=D and rnum=25:50,65:73,86:111) or (cname=J and rnum=25:50,65:73,86:111) or (cname=H and rnum=25:50,65:73,86:111)"
1s5h,C,0.5,alpha,67,2.2,130,"(cname=C and rnum=25:50,62:76,86:111) or (cname=D and rnum=25:50,62:76,86:111) or (cname=H and rnum=25:50,62:76,86:111) or (cname=J and rnum=25:50,62:76,86:111)"
1zoy,D,0.5,alpha,63,2.4,131,"(cname=C and rnum=40:65,88:113,123:142) or (cname=D and rnum=44:62,66:88,100:120)"
1yq3,D,0.5,alpha,66,2.2,131,"(cname=C and rnum=37:62,85:110,121:139) or (cname=D and rnum=8:29,34:55,63:84)"
2gr7,A,1.0,beta,32,2.3,132,"(cname=A and rnum=1046:1053,1060:1067,1074:1081,1089:1096) or (cname=B and rnum=1046:1053,1060:1067,1074:1081,1089:1096) or (cname=C and rnum=1046:1053,1060:1067,1074:1081,1089:1096)"
3cx5,H,1.0,alpha,19,1.9,133,"(cname=C and rnum=27:49,81:106,111:130,181:201,226:245,290:308,321:340,349:370) or (cname=D and rnum=270:289) or (cname=E and rnum=54:79) or (cname=H and rnum=55:73) or (cname=I and rnum=18:33) or (cname=N and rnum=27:49,81:106,111:130,181:201,225:245,290:308,321:340,349:370) or (cname=O and rnum=270:289) or (cname=S and rnum=55:73) or (cname=P and rnum=54:79) or (cname=T and rnum=18:33)"
3e86,A,0.5,alpha,61,1.6,134,"(cname=A and rnum=24:45,50:62,74:99) or (cname=D and rnum=24:45,50:62,74:99) or (cname=G and rnum=24:45,50:62,74:96) or (cname=J and rnum=24:46,50:62,74:99)"
3k03,A,0.5,alpha,56,1.62,134,"(cname=A and rnum=27:45,50:63,73:95) or (cname=B and rnum=27:45,50:63,73:95) or (cname=C and rnum=27:45,50:63,73:95) or (cname=D and rnum=27:45,50:63,73:95)"
1yce,L,0.5,alpha,51,2.4,135,"(cname=L and rnum=17:40,54:80) or (cname=M and rnum=17:40,54:80) or (cname=N and rnum=17:40,54:80) or (cname=O and rnum=17:40,54:80) or (cname=P and rnum=17:40,54:80) or (cname=Q and rnum=17:40,54:80) or (cname=R and rnum=17:40,54:80) or (cname=S and rnum=17:40,54:80) or (cname=T and rnum=17:40,54:80) or (cname=U and rnum=17:40,54:80) or (cname=V and rnum=17:40,54:80)"
2xqu,A,0.5,alpha,46,1.84,135,"(cname=A and rnum=12:33,54:77) or (cname=B and rnum=12:33,54:77) or (cname=C and rnum=12:33,54:77) or (cname=E and rnum=12:33,54:77) or (cname=D and rnum=12:33,54:77) or (cname=F and rnum=12:33,54:77) or (cname=G and rnum=12:33,54:77) or (cname=H and rnum=12:33,54:77) or (cname=I and rnum=12:33,54:77) or (cname=J and rnum=12:33,54:77) or (cname=K and rnum=12:33,54:77) or (cname=L and rnum=12:33,54:77) or (cname=M and rnum=12:33,54:77) or (cname=N and rnum=12:33,54:77) or (cname=O and rnum=12:33,54:77)"
1v55,G,1.0,alpha,20,1.9,136,"(cname=A and rnum=19:39,56:78,100:117,141:162,187:211,233:255,272:291,304:325,336:359,372:393,409:429,453:472) or (cname=B and rnum=27:46,58:77) or (cname=C and rnum=17:35,40:54,82:100,126:145,162:181,197:216,237:258) or (cname=D and rnum=78:99) or (cname=G and rnum=18:37) or (cname=I and rnum=16:34) or (cname=J and rnum=34:54) or (cname=K and rnum=14:33) or (cname=L and rnum=22:42) or (cname=M and rnum=16:36) or (cname=N and rnum=19:39,56:78,100:117,141:162,187:211,233:255,272:291,304:325,337:359,372:393,409:429,453:472) or (cname=O and rnum=27:46,59:77) or (cname=P and rnum=17:35,40:54,82:100,126:145,162:181,197:217,237:258) or (cname=Q and rnum=78:99) or (cname=T and rnum=18:37) or (cname=V and rnum=16:35) or (cname=W and rnum=34:54) or (cname=X and rnum=14:33) or (cname=Y and rnum=22:43) or (cname=Z and rnum=16:36)"
3ldc,A,1.0,alpha,43,1.45,137,"(cname=A and rnum=23:42,70:92) or (cname=B and rnum=23:42,70:92) or (cname=C and rnum=23:42,70:92) or (cname=D and rnum=23:42,70:92)"
3arc,e,1.0,alpha,22,1.9,138,"(cname=a and rnum=32:53,111:134,143:161,192:218,270:294) or (cname=b and rnum=17:39,95:115,135:159,197:218,234:256,450:474) or (cname=c and rnum=48:70,112:133,155:178,234:253,269:289,425:449) or (cname=d and rnum=32:53,109:131,141:162,191:217,266:289) or (cname=e and rnum=19:40) or (cname=f and rnum=18:42) or (cname=h and rnum=28:50) or (cname=i and rnum=4:27) or (cname=k and rnum=17:42) or (cname=l and rnum=14:35) or (cname=m and rnum=6:28) or (cname=t and rnum=3:23) or (cname=y and rnum=20:39) or (cname=x and rnum=6:20) or (cname=z and rnum=5:27,37:60) or (cname=a and rnum=32:53,111:134,143:161,192:218,270:294) or (cname=b and rnum=17:39,95:115,135:159,197:218,234:256,450:474) or (cname=c and rnum=48:70,112:133,155:178,234:253,269:289,425:449) or (cname=d and rnum=32:53,109:131,141:162,191:217,266:289) or (cname=e and rnum=19:40) or (cname=f and rnum=18:42) or (cname=h and rnum=28:50) or (cname=i and rnum=4:27) or (cname=J and rnum=9:31) or (cname=k and rnum=17:42) or (cname=l and rnum=14:35) or (cname=m and rnum=6:28) or (cname=t and rnum=3:23) or (cname=y and rnum=20:39) or (cname=x and rnum=6:20) or (cname=z and rnum=5:27,37:60) or (cname=J and rnum=9:31)"
1l0l,G,0.5,alpha,16,2.35,139,"(cname=C and rnum=29:50,82:107,110:130,180:200,224:245,287:307,319:339,348:369) or (cname=D and rnum=204:224) or (cname=E and rnum=34:59) or (cname=G and rnum=47:62) or (cname=J and rnum=17:39) or (cname=K and rnum=18:37) or (cname=N and rnum=29:50,82:107,110:130,180:200,224:245,287:307,319:339,348:369) or (cname=O and rnum=204:224) or (cname=P and rnum=34:59) or (cname=R and rnum=47:62) or (cname=U and rnum=17:39) or (cname=V and rnum=18:37)"
1pp9,G,0.5,alpha,29,2.1,139,"(cname=C and rnum=29:50,82:107,110:130,180:200,224:245,272:281,288:307,319:339,349:369) or (cname=D and rnum=204:224) or (cname=E and rnum=34:59) or (cname=G and rnum=33:61) or (cname=J and rnum=17:39) or (cname=P and rnum=29:50,82:107,110:130,180:200,224:245,272:283,287:307,319:339,349:369) or (cname=Q and rnum=204:224) or (cname=R and rnum=34:59) or (cname=T and rnum=33:62) or (cname=W and rnum=17:39)"
4f4s,A,1.0,alpha,52,1.9,140,"(cname=C and rnum=10:34,47:72) or (cname=D and rnum=10:35,47:72) or (cname=E and rnum=10:35,47:72) or (cname=A and rnum=10:35,47:72) or (cname=B and rnum=10:35,47:72) or (cname=F and rnum=10:35,47:72) or (cname=G and rnum=10:35,47:72) or (cname=H and rnum=10:34,47:72) or (cname=I and rnum=10:35,47:72) or (cname=J and rnum=10:35,47:72)"
1v55,I,1.0,alpha,19,1.9,141,"(cname=A and rnum=19:39,56:78,100:117,141:162,187:211,233:255,272:291,304:325,336:359,372:393,409:429,453:472) or (cname=B and rnum=27:46,58:77) or (cname=C and rnum=17:35,40:54,82:100,126:145,162:181,197:216,237:258) or (cname=D and rnum=78:99) or (cname=G and rnum=18:37) or (cname=I and rnum=16:34) or (cname=J and rnum=34:54) or (cname=K and rnum=14:33) or (cname=L and rnum=22:42) or (cname=M and rnum=16:36) or (cname=N and rnum=19:39,56:78,100:117,141:162,187:211,233:255,272:291,304:325,337:359,372:393,409:429,453:472) or (cname=O and rnum=27:46,59:77) or (cname=P and rnum=17:35,40:54,82:100,126:145,162:181,197:217,237:258) or (cname=Q and rnum=78:99) or (cname=T and rnum=18:37) or (cname=V and rnum=16:35) or (cname=W and rnum=34:54) or (cname=X and rnum=14:33) or (cname=Y and rnum=22:43) or (cname=Z and rnum=16:36)"
2x2v,A,1.0,alpha,46,2.5,142,"(cname=A and rnum=4:26,46:68) or (cname=B and rnum=4:26,46:68) or (cname=C and rnum=4:26,46:68) or (cname=D and rnum=4:26,46:68) or (cname=E and rnum=3:26,46:68) or (cname=F and rnum=3:26,46:68) or (cname=G and rnum=3:26,46:68) or (cname=H and rnum=3:26,46:68) or (cname=I and rnum=3:26,46:68) or (cname=J and rnum=3:26,46:68) or (cname=K and rnum=4:26,46:68) or (cname=L and rnum=4:26,46:68) or (cname=M and rnum=4:26,46:68)"
3arc,h,1.0,alpha,23,1.9,143,"(cname=a and rnum=32:53,111:134,143:161,192:218,270:294) or (cname=b and rnum=17:39,95:115,135:159,197:218,234:256,450:474) or (cname=c and rnum=48:70,112:133,155:178,234:253,269:289,425:449) or (cname=d and rnum=32:53,109:131,141:162,191:217,266:289) or (cname=e and rnum=19:40) or (cname=f and rnum=18:42) or (cname=h and rnum=28:50) or (cname=i and rnum=4:27) or (cname=k and rnum=17:42) or (cname=l and rnum=14:35) or (cname=m and rnum=6:28) or (cname=t and rnum=3:23) or (cname=y and rnum=20:39) or (cname=x and rnum=6:20) or (cname=z and rnum=5:27,37:60) or (cname=a and rnum=32:53,111:134,143:161,192:218,270:294) or (cname=b and rnum=17:39,95:115,135:159,197:218,234:256,450:474) or (cname=c and rnum=48:70,112:133,155:178,234:253,269:289,425:449) or (cname=d and rnum=32:53,109:131,141:162,191:217,266:289) or (cname=e and rnum=19:40) or (cname=f and rnum=18:42) or (cname=h and rnum=28:50) or (cname=i and rnum=4:27) or (cname=J and rnum=9:31) or (cname=k and rnum=17:42) or (cname=l and rnum=14:35) or (cname=m and rnum=6:28) or (cname=t and rnum=3:23) or (cname=y and rnum=20:39) or (cname=x and rnum=6:20) or (cname=z and rnum=5:27,37:60) or (cname=J and rnum=9:31)"
2yev,C,1.0,alpha,42,2.36,144,"(cname=A and rnum=27:53,66:92,109:130,153:175,197:221,240:264,281:302,309:333,348:370,380:403,418:442,461:485,556:574,580:597,620:641,657:677,691:711,728:752,766:789) or (cname=B and rnum=37:59,83:104) or (cname=C and rnum=6:22,35:59)"
3arc,z,1.0,alpha,47,1.9,145,"(cname=a and rnum=32:53,111:134,143:161,192:218,270:294) or (cname=b and rnum=17:39,95:115,135:159,197:218,234:256,450:474) or (cname=c and rnum=48:70,112:133,155:178,234:253,269:289,425:449) or (cname=d and rnum=32:53,109:131,141:162,191:217,266:289) or (cname=e and rnum=19:40) or (cname=f and rnum=18:42) or (cname=h and rnum=28:50) or (cname=i and rnum=4:27) or (cname=k and rnum=17:42) or (cname=l and rnum=14:35) or (cname=m and rnum=6:28) or (cname=t and rnum=3:23) or (cname=y and rnum=20:39) or (cname=x and rnum=6:20) or (cname=z and rnum=5:27,37:60) or (cname=a and rnum=32:53,111:134,143:161,192:218,270:294) or (cname=b and rnum=17:39,95:115,135:159,197:218,234:256,450:474) or (cname=c and rnum=48:70,112:133,155:178,234:253,269:289,425:449) or (cname=d and rnum=32:53,109:131,141:162,191:217,266:289) or (cname=e and rnum=19:40) or (cname=f and rnum=18:42) or (cname=h and rnum=28:50) or (cname=i and rnum=4:27) or (cname=J and rnum=9:31) or (cname=k and rnum=17:42) or (cname=l and rnum=14:35) or (cname=m and rnum=6:28) or (cname=t and rnum=3:23) or (cname=y and rnum=20:39) or (cname=x and rnum=6:20) or (cname=z and rnum=5:27,37:60) or (cname=J and rnum=9:31)"
1pp9,J,0.3333333333333333,alpha,23,2.1,146,"(cname=C and rnum=29:50,82:107,110:130,180:200,224:245,272:281,288:307,319:339,349:369) or (cname=D and rnum=204:224) or (cname=E and rnum=34:59) or (cname=G and rnum=33:61) or (cname=J and rnum=17:39) or (cname=P and rnum=29:50,82:107,110:130,180:200,224:245,272:283,287:307,319:339,349:369) or (cname=Q and rnum=204:224) or (cname=R and rnum=34:59) or (cname=T and rnum=33:62) or (cname=W and rnum=17:39)"
1l0l,J,0.3333333333333333,alpha,23,2.35,146,"(cname=C and rnum=29:50,82:107,110:130,180:200,224:245,287:307,319:339,348:369) or (cname=D and rnum=204:224) or (cname=E and rnum=34:59) or (cname=G and rnum=47:62) or (cname=J and rnum=17:39) or (cname=K and rnum=18:37) or (cname=N and rnum=29:50,82:107,110:130,180:200,224:245,287:307,319:339,348:369) or (cname=O and rnum=204:224) or (cname=P and rnum=34:59) or (cname=R and rnum=47:62) or (cname=U and rnum=17:39) or (cname=V and rnum=18:37)"
3cx5,I,0.3333333333333333,alpha,16,1.9,146,"(cname=C and rnum=27:49,81:106,111:130,181:201,226:245,290:308,321:340,349:370) or (cname=D and rnum=270:289) or (cname=E and rnum=54:79) or (cname=H and rnum=55:73) or (cname=I and rnum=18:33) or (cname=N and rnum=27:49,81:106,111:130,181:201,225:245,290:308,321:340,349:370) or (cname=O and rnum=270:289) or (cname=S and rnum=55:73) or (cname=P and rnum=54:79) or (cname=T and rnum=18:33)"
1h2s,B,1.0,alpha,40,1.93,147,"(cname=A and rnum=3:24,38:57,70:87,98:117,122:141,163:180,190:211) or (cname=B and rnum=24:41,60:81) or (cname=C and rnum=24:41,60:81) or (cname=D and rnum=3:24,38:57,70:87,98:117,122:141,163:180,190:211)"
1v55,J,1.0,alpha,21,1.9,148,"(cname=A and rnum=19:39,56:78,100:117,141:162,187:211,233:255,272:291,304:325,336:359,372:393,409:429,453:472) or (cname=B and rnum=27:46,58:77) or (cname=C and rnum=17:35,40:54,82:100,126:145,162:181,197:216,237:258) or (cname=D and rnum=78:99) or (cname=G and rnum=18:37) or (cname=I and rnum=16:34) or (cname=J and rnum=34:54) or (cname=K and rnum=14:33) or (cname=L and rnum=22:42) or (cname=M and rnum=16:36) or (cname=N and rnum=19:39,56:78,100:117,141:162,187:211,233:255,272:291,304:325,337:359,372:393,409:429,453:472) or (cname=O and rnum=27:46,59:77) or (cname=P and rnum=17:35,40:54,82:100,126:145,162:181,197:217,237:258) or (cname=Q and rnum=78:99) or (cname=T and rnum=18:37) or (cname=V and rnum=16:35) or (cname=W and rnum=34:54) or (cname=X and rnum=14:33) or (cname=Y and rnum=22:43) or (cname=Z and rnum=16:36)"
1lgh,A,1.0,alpha,20,2.4,149,(cname=A and rnum=20:39) or (cname=B and rnum=20:40) or (cname=D and rnum=20:39) or (cname=E and rnum=20:40) or (cname=M and rnum=20:39) or (cname=N and rnum=20:40) or (cname=O and rnum=20:39) or (cname=J and rnum=20:40) or (cname=I and rnum=20:39) or (cname=L and rnum=20:40) or (cname=C and rnum=20:39) or (cname=F and rnum=20:40) or (cname=G and rnum=20:39) or (cname=P and rnum=20:40) or (cname=K and rnum=20:39) or (cname=H and rnum=20:40)
1l0l,K,1.0,alpha,20,2.35,150,"(cname=C and rnum=29:50,82:107,110:130,180:200,224:245,287:307,319:339,348:369) or (cname=D and rnum=204:224) or (cname=E and rnum=34:59) or (cname=G and rnum=47:62) or (cname=J and rnum=17:39) or (cname=K and rnum=18:37) or (cname=N and rnum=29:50,82:107,110:130,180:200,224:245,287:307,319:339,348:369) or (cname=O and rnum=204:224) or (cname=P and rnum=34:59) or (cname=R and rnum=47:62) or (cname=U and rnum=17:39) or (cname=V and rnum=18:37)"
1nkz,A,1.0,alpha,19,2.0,151,(cname=A and rnum=19:37) or (cname=B and rnum=18:36) or (cname=C and rnum=19:37) or (cname=D and rnum=18:36) or (cname=E and rnum=19:37) or (cname=F and rnum=18:36) or (cname=G and rnum=19:37) or (cname=H and rnum=18:36) or (cname=I and rnum=19:37) or (cname=J and rnum=18:36) or (cname=K and rnum=19:37) or (cname=L and rnum=18:36) or (cname=M and rnum=18:36) or (cname=N and rnum=19:37) or (cname=O and rnum=18:36) or (cname=P and rnum=19:37) or (cname=Q and rnum=19:37) or (cname=R and rnum=18:36)
1v55,K,1.0,alpha,20,1.9,152,"(cname=A and rnum=19:39,56:78,100:117,141:162,187:211,233:255,272:291,304:325,336:359,372:393,409:429,453:472) or (cname=B and rnum=27:46,58:77) or (cname=C and rnum=17:35,40:54,82:100,126:145,162:181,197:216,237:258) or (cname=D and rnum=78:99) or (cname=G and rnum=18:37) or (cname=I and rnum=16:34) or (cname=J and rnum=34:54) or (cname=K and rnum=14:33) or (cname=L and rnum=22:42) or (cname=M and rnum=16:36) or (cname=N and rnum=19:39,56:78,100:117,141:162,187:211,233:255,272:291,304:325,337:359,372:393,409:429,453:472) or (cname=O and rnum=27:46,59:77) or (cname=P and rnum=17:35,40:54,82:100,126:145,162:181,197:217,237:258) or (cname=Q and rnum=78:99) or (cname=T and rnum=18:37) or (cname=V and rnum=16:35) or (cname=W and rnum=34:54) or (cname=X and rnum=14:33) or (cname=Y and rnum=22:43) or (cname=Z and rnum=16:36)"
1hgz,A,1.0,alpha,23,2.4,153,(cname=A and rnum=13:35) or (cname=B and rnum=16:37) or (cname=C and rnum=16:37) or (cname=D and rnum=16:38) or (cname=E and rnum=17:41) or (cname=F and rnum=22:45) or (cname=G and rnum=27:45) or (cname=H and rnum=28:45) or (cname=I and rnum=27:45) or (cname=J and rnum=28:45) or (cname=K and rnum=32:45) or (cname=L and rnum=36:45) or (cname=M and rnum=38:45) or (cname=N and rnum=38:45) or (cname=O and rnum=39:45)
1jb0,K,1.0,alpha,32,2.5,154,"(cname=A and rnum=72:93,159:179,193:216,298:314,354:374,392:413,439:464,536:557,591:613,674:691,725:745) or (cname=B and rnum=45:66,135:155,170:193,273:289,335:355,373:394,420:442,523:544,578:600,654:671,709:729) or (cname=F and rnum=60:84) or (cname=I and rnum=9:32) or (cname=J and rnum=11:30) or (cname=K and rnum=21:32,57:76) or (cname=L and rnum=44:65,74:95,120:141) or (cname=M and rnum=6:27) or (cname=X and rnum=11:31)"
1v55,L,1.0,alpha,21,1.9,155,"(cname=A and rnum=19:39,56:78,100:117,141:162,187:211,233:255,272:291,304:325,336:359,372:393,409:429,453:472) or (cname=B and rnum=27:46,58:77) or (cname=C and rnum=17:35,40:54,82:100,126:145,162:181,197:216,237:258) or (cname=D and rnum=78:99) or (cname=G and rnum=18:37) or (cname=I and rnum=16:34) or (cname=J and rnum=34:54) or (cname=K and rnum=14:33) or (cname=L and rnum=22:42) or (cname=M and rnum=16:36) or (cname=N and rnum=19:39,56:78,100:117,141:162,187:211,233:255,272:291,304:325,337:359,372:393,409:429,453:472) or (cname=O and rnum=27:46,59:77) or (cname=P and rnum=17:35,40:54,82:100,126:145,162:181,197:217,237:258) or (cname=Q and rnum=78:99) or (cname=T and rnum=18:37) or (cname=V and rnum=16:35) or (cname=W and rnum=34:54) or (cname=X and rnum=14:33) or (cname=Y and rnum=22:43) or (cname=Z and rnum=16:36)"
1lgh,B,1.0,alpha,21,2.4,156,(cname=A and rnum=20:39) or (cname=B and rnum=20:40) or (cname=D and rnum=20:39) or (cname=E and rnum=20:40) or (cname=M and rnum=20:39) or (cname=N and rnum=20:40) or (cname=O and rnum=20:39) or (cname=J and rnum=20:40) or (cname=I and rnum=20:39) or (cname=L and rnum=20:40) or (cname=C and rnum=20:39) or (cname=F and rnum=20:40) or (cname=G and rnum=20:39) or (cname=P and rnum=20:40) or (cname=K and rnum=20:39) or (cname=H and rnum=20:40)
1m56,D,1.0,alpha,22,2.3,157,"(cname=A and rnum=29:53,98:121,138:158,188:209,230:252,277:299,315:334,346:368,379:402,415:437,451:473,495:516) or (cname=B and rnum=59:81,98:118) or (cname=C and rnum=16:36,41:59,82:100,133:151,165:186,204:225,242:263) or (cname=D and rnum=28:49)"
1v55,M,1.0,alpha,21,1.9,158,"(cname=A and rnum=19:39,56:78,100:117,141:162,187:211,233:255,272:291,304:325,336:359,372:393,409:429,453:472) or (cname=B and rnum=27:46,58:77) or (cname=C and rnum=17:35,40:54,82:100,126:145,162:181,197:216,237:258) or (cname=D and rnum=78:99) or (cname=G and rnum=18:37) or (cname=I and rnum=16:34) or (cname=J and rnum=34:54) or (cname=K and rnum=14:33) or (cname=L and rnum=22:42) or (cname=M and rnum=16:36) or (cname=N and rnum=19:39,56:78,100:117,141:162,187:211,233:255,272:291,304:325,337:359,372:393,409:429,453:472) or (cname=O and rnum=27:46,59:77) or (cname=P and rnum=17:35,40:54,82:100,126:145,162:181,197:217,237:258) or (cname=Q and rnum=78:99) or (cname=T and rnum=18:37) or (cname=V and rnum=16:35) or (cname=W and rnum=34:54) or (cname=X and rnum=14:33) or (cname=Y and rnum=22:43) or (cname=Z and rnum=16:36)"
1jb0,J,1.0,alpha,20,2.5,159,"(cname=A and rnum=72:93,159:179,193:216,298:314,354:374,392:413,439:464,536:557,591:613,674:691,725:745) or (cname=B and rnum=45:66,135:155,170:193,273:289,335:355,373:394,420:442,523:544,578:600,654:671,709:729) or (cname=F and rnum=60:84) or (cname=I and rnum=9:32) or (cname=J and rnum=11:30) or (cname=K and rnum=21:32,57:76) or (cname=L and rnum=44:65,74:95,120:141) or (cname=M and rnum=6:27) or (cname=X and rnum=11:31)"
1nkz,B,1.0,alpha,19,2.0,160,(cname=A and rnum=19:37) or (cname=B and rnum=18:36) or (cname=C and rnum=19:37) or (cname=D and rnum=18:36) or (cname=E and rnum=19:37) or (cname=F and rnum=18:36) or (cname=G and rnum=19:37) or (cname=H and rnum=18:36) or (cname=I and rnum=19:37) or (cname=J and rnum=18:36) or (cname=K and rnum=19:37) or (cname=L and rnum=18:36) or (cname=M and rnum=18:36) or (cname=N and rnum=19:37) or (cname=O and rnum=18:36) or (cname=P and rnum=19:37) or (cname=Q and rnum=19:37) or (cname=R and rnum=18:36)
3arc,x,1.0,alpha,15,1.9,161,"(cname=a and rnum=32:53,111:134,143:161,192:218,270:294) or (cname=b and rnum=17:39,95:115,135:159,197:218,234:256,450:474) or (cname=c and rnum=48:70,112:133,155:178,234:253,269:289,425:449) or (cname=d and rnum=32:53,109:131,141:162,191:217,266:289) or (cname=e and rnum=19:40) or (cname=f and rnum=18:42) or (cname=h and rnum=28:50) or (cname=i and rnum=4:27) or (cname=k and rnum=17:42) or (cname=l and rnum=14:35) or (cname=m and rnum=6:28) or (cname=t and rnum=3:23) or (cname=y and rnum=20:39) or (cname=x and rnum=6:20) or (cname=z and rnum=5:27,37:60) or (cname=a and rnum=32:53,111:134,143:161,192:218,270:294) or (cname=b and rnum=17:39,95:115,135:159,197:218,234:256,450:474) or (cname=c and rnum=48:70,112:133,155:178,234:253,269:289,425:449) or (cname=d and rnum=32:53,109:131,141:162,191:217,266:289) or (cname=e and rnum=19:40) or (cname=f and rnum=18:42) or (cname=h and rnum=28:50) or (cname=i and rnum=4:27) or (cname=J and rnum=9:31) or (cname=k and rnum=17:42) or (cname=l and rnum=14:35) or (cname=m and rnum=6:28) or (cname=t and rnum=3:23) or (cname=y and rnum=20:39) or (cname=x and rnum=6:20) or (cname=z and rnum=5:27,37:60) or (cname=J and rnum=9:31)"
2zxe,G,1.0,alpha,19,2.4,162,"(cname=A and rnum=99:115,128:149,291:313,319:343,774:795,804:822,849:872,917:938,952:970,985:1005) or (cname=B and rnum=33:61) or (cname=G and rnum=21:39)"
3arc,i,1.0,alpha,24,1.9,163,"(cname=a and rnum=32:53,111:134,143:161,192:218,270:294) or (cname=b and rnum=17:39,95:115,135:159,197:218,234:256,450:474) or (cname=c and rnum=48:70,112:133,155:178,234:253,269:289,425:449) or (cname=d and rnum=32:53,109:131,141:162,191:217,266:289) or (cname=e and rnum=19:40) or (cname=f and rnum=18:42) or (cname=h and rnum=28:50) or (cname=i and rnum=4:27) or (cname=k and rnum=17:42) or (cname=l and rnum=14:35) or (cname=m and rnum=6:28) or (cname=t and rnum=3:23) or (cname=y and rnum=20:39) or (cname=x and rnum=6:20) or (cname=z and rnum=5:27,37:60) or (cname=a and rnum=32:53,111:134,143:161,192:218,270:294) or (cname=b and rnum=17:39,95:115,135:159,197:218,234:256,450:474) or (cname=c and rnum=48:70,112:133,155:178,234:253,269:289,425:449) or (cname=d and rnum=32:53,109:131,141:162,191:217,266:289) or (cname=e and rnum=19:40) or (cname=f and rnum=18:42) or (cname=h and rnum=28:50) or (cname=i and rnum=4:27) or (cname=J and rnum=9:31) or (cname=k and rnum=17:42) or (cname=l and rnum=14:35) or (cname=m and rnum=6:28) or (cname=t and rnum=3:23) or (cname=y and rnum=20:39) or (cname=x and rnum=6:20) or (cname=z and rnum=5:27,37:60) or (cname=J and rnum=9:31)"
3arc,J,1.0,alpha,23,1.9,164,"(cname=a and rnum=32:53,111:134,143:161,192:218,270:294) or (cname=b and rnum=17:39,95:115,135:159,197:218,234:256,450:474) or (cname=c and rnum=48:70,112:133,155:178,234:253,269:289,425:449) or (cname=d and rnum=32:53,109:131,141:162,191:217,266:289) or (cname=e and rnum=19:40) or (cname=f and rnum=18:42) or (cname=h and rnum=28:50) or (cname=i and rnum=4:27) or (cname=k and rnum=17:42) or (cname=l and rnum=14:35) or (cname=m and rnum=6:28) or (cname=t and rnum=3:23) or (cname=y and rnum=20:39) or (cname=x and rnum=6:20) or (cname=z and rnum=5:27,37:60) or (cname=a and rnum=32:53,111:134,143:161,192:218,270:294) or (cname=b and rnum=17:39,95:115,135:159,197:218,234:256,450:474) or (cname=c and rnum=48:70,112:133,155:178,234:253,269:289,425:449) or (cname=d and rnum=32:53,109:131,141:162,191:217,266:289) or (cname=e and rnum=19:40) or (cname=f and rnum=18:42) or (cname=h and rnum=28:50) or (cname=i and rnum=4:27) or (cname=J and rnum=9:31) or (cname=k and rnum=17:42) or (cname=l and rnum=14:35) or (cname=m and rnum=6:28) or (cname=t and rnum=3:23) or (cname=y and rnum=20:39) or (cname=x and rnum=6:20) or (cname=z and rnum=5:27,37:60) or (cname=J and rnum=9:31)"
1jb0,I,1.0,alpha,24,2.5,165,"(cname=A and rnum=72:93,159:179,193:216,298:314,354:374,392:413,439:464,536:557,591:613,674:691,725:745) or (cname=B and rnum=45:66,135:155,170:193,273:289,335:355,373:394,420:442,523:544,578:600,654:671,709:729) or (cname=F and rnum=60:84) or (cname=I and rnum=9:32) or (cname=J and rnum=11:30) or (cname=K and rnum=21:32,57:76) or (cname=L and rnum=44:65,74:95,120:141) or (cname=M and rnum=6:27) or (cname=X and rnum=11:31)"
3arc,l,1.0,alpha,22,1.9,166,"(cname=a and rnum=32:53,111:134,143:161,192:218,270:294) or (cname=b and rnum=17:39,95:115,135:159,197:218,234:256,450:474) or (cname=c and rnum=48:70,112:133,155:178,234:253,269:289,425:449) or (cname=d and rnum=32:53,109:131,141:162,191:217,266:289) or (cname=e and rnum=19:40) or (cname=f and rnum=18:42) or (cname=h and rnum=28:50) or (cname=i and rnum=4:27) or (cname=k and rnum=17:42) or (cname=l and rnum=14:35) or (cname=m and rnum=6:28) or (cname=t and rnum=3:23) or (cname=y and rnum=20:39) or (cname=x and rnum=6:20) or (cname=z and rnum=5:27,37:60) or (cname=a and rnum=32:53,111:134,143:161,192:218,270:294) or (cname=b and rnum=17:39,95:115,135:159,197:218,234:256,450:474) or (cname=c and rnum=48:70,112:133,155:178,234:253,269:289,425:449) or (cname=d and rnum=32:53,109:131,141:162,191:217,266:289) or (cname=e and rnum=19:40) or (cname=f and rnum=18:42) or (cname=h and rnum=28:50) or (cname=i and rnum=4:27) or (cname=J and rnum=9:31) or (cname=k and rnum=17:42) or (cname=l and rnum=14:35) or (cname=m and rnum=6:28) or (cname=t and rnum=3:23) or (cname=y and rnum=20:39) or (cname=x and rnum=6:20) or (cname=z and rnum=5:27,37:60) or (cname=J and rnum=9:31)"
3arc,k,1.0,alpha,26,1.9,167,"(cname=a and rnum=32:53,111:134,143:161,192:218,270:294) or (cname=b and rnum=17:39,95:115,135:159,197:218,234:256,450:474) or (cname=c and rnum=48:70,112:133,155:178,234:253,269:289,425:449) or (cname=d and rnum=32:53,109:131,141:162,191:217,266:289) or (cname=e and rnum=19:40) or (cname=f and rnum=18:42) or (cname=h and rnum=28:50) or (cname=i and rnum=4:27) or (cname=k and rnum=17:42) or (cname=l and rnum=14:35) or (cname=m and rnum=6:28) or (cname=t and rnum=3:23) or (cname=y and rnum=20:39) or (cname=x and rnum=6:20) or (cname=z and rnum=5:27,37:60) or (cname=a and rnum=32:53,111:134,143:161,192:218,270:294) or (cname=b and rnum=17:39,95:115,135:159,197:218,234:256,450:474) or (cname=c and rnum=48:70,112:133,155:178,234:253,269:289,425:449) or (cname=d and rnum=32:53,109:131,141:162,191:217,266:289) or (cname=e and rnum=19:40) or (cname=f and rnum=18:42) or (cname=h and rnum=28:50) or (cname=i and rnum=4:27) or (cname=J and rnum=9:31) or (cname=k and rnum=17:42) or (cname=l and rnum=14:35) or (cname=m and rnum=6:28) or (cname=t and rnum=3:23) or (cname=y and rnum=20:39) or (cname=x and rnum=6:20) or (cname=z and rnum=5:27,37:60) or (cname=J and rnum=9:31)"
3arc,m,1.0,alpha,23,1.9,168,"(cname=a and rnum=32:53,111:134,143:161,192:218,270:294) or (cname=b and rnum=17:39,95:115,135:159,197:218,234:256,450:474) or (cname=c and rnum=48:70,112:133,155:178,234:253,269:289,425:449) or (cname=d and rnum=32:53,109:131,141:162,191:217,266:289) or (cname=e and rnum=19:40) or (cname=f and rnum=18:42) or (cname=h and rnum=28:50) or (cname=i and rnum=4:27) or (cname=k and rnum=17:42) or (cname=l and rnum=14:35) or (cname=m and rnum=6:28) or (cname=t and rnum=3:23) or (cname=y and rnum=20:39) or (cname=x and rnum=6:20) or (cname=z and rnum=5:27,37:60) or (cname=a and rnum=32:53,111:134,143:161,192:218,270:294) or (cname=b and rnum=17:39,95:115,135:159,197:218,234:256,450:474) or (cname=c and rnum=48:70,112:133,155:178,234:253,269:289,425:449) or (cname=d and rnum=32:53,109:131,141:162,191:217,266:289) or (cname=e and rnum=19:40) or (cname=f and rnum=18:42) or (cname=h and rnum=28:50) or (cname=i and rnum=4:27) or (cname=J and rnum=9:31) or (cname=k and rnum=17:42) or (cname=l and rnum=14:35) or (cname=m and rnum=6:28) or (cname=t and rnum=3:23) or (cname=y and rnum=20:39) or (cname=x and rnum=6:20) or (cname=z and rnum=5:27,37:60) or (cname=J and rnum=9:31)"
3arc,f,1.0,alpha,25,1.9,169,"(cname=a and rnum=32:53,111:134,143:161,192:218,270:294) or (cname=b and rnum=17:39,95:115,135:159,197:218,234:256,450:474) or (cname=c and rnum=48:70,112:133,155:178,234:253,269:289,425:449) or (cname=d and rnum=32:53,109:131,141:162,191:217,266:289) or (cname=e and rnum=19:40) or (cname=f and rnum=18:42) or (cname=h and rnum=28:50) or (cname=i and rnum=4:27) or (cname=k and rnum=17:42) or (cname=l and rnum=14:35) or (cname=m and rnum=6:28) or (cname=t and rnum=3:23) or (cname=y and rnum=20:39) or (cname=x and rnum=6:20) or (cname=z and rnum=5:27,37:60) or (cname=a and rnum=32:53,111:134,143:161,192:218,270:294) or (cname=b and rnum=17:39,95:115,135:159,197:218,234:256,450:474) or (cname=c and rnum=48:70,112:133,155:178,234:253,269:289,425:449) or (cname=d and rnum=32:53,109:131,141:162,191:217,266:289) or (cname=e and rnum=19:40) or (cname=f and rnum=18:42) or (cname=h and rnum=28:50) or (cname=i and rnum=4:27) or (cname=J and rnum=9:31) or (cname=k and rnum=17:42) or (cname=l and rnum=14:35) or (cname=m and rnum=6:28) or (cname=t and rnum=3:23) or (cname=y and rnum=20:39) or (cname=x and rnum=6:20) or (cname=z and rnum=5:27,37:60) or (cname=J and rnum=9:31)"
3s8g,C,1.0,alpha,23,1.8,170,"(cname=A and rnum=21:47,67:89,104:129,143:162,185:210,223:245,267:285,292:314,347:372,379:402,420:444,465:490,527:550) or (cname=B and rnum=15:37) or (cname=C and rnum=7:29)"
1jb0,M,1.0,alpha,22,2.5,171,"(cname=A and rnum=72:93,159:179,193:216,298:314,354:374,392:413,439:464,536:557,591:613,674:691,725:745) or (cname=B and rnum=45:66,135:155,170:193,273:289,335:355,373:394,420:442,523:544,578:600,654:671,709:729) or (cname=F and rnum=60:84) or (cname=I and rnum=9:32) or (cname=J and rnum=11:30) or (cname=K and rnum=21:32,57:76) or (cname=L and rnum=44:65,74:95,120:141) or (cname=M and rnum=6:27) or (cname=X and rnum=11:31)"
3arc,t,1.0,alpha,21,1.9,172,"(cname=a and rnum=32:53,111:134,143:161,192:218,270:294) or (cname=b and rnum=17:39,95:115,135:159,197:218,234:256,450:474) or (cname=c and rnum=48:70,112:133,155:178,234:253,269:289,425:449) or (cname=d and rnum=32:53,109:131,141:162,191:217,266:289) or (cname=e and rnum=19:40) or (cname=f and rnum=18:42) or (cname=h and rnum=28:50) or (cname=i and rnum=4:27) or (cname=k and rnum=17:42) or (cname=l and rnum=14:35) or (cname=m and rnum=6:28) or (cname=t and rnum=3:23) or (cname=y and rnum=20:39) or (cname=x and rnum=6:20) or (cname=z and rnum=5:27,37:60) or (cname=a and rnum=32:53,111:134,143:161,192:218,270:294) or (cname=b and rnum=17:39,95:115,135:159,197:218,234:256,450:474) or (cname=c and rnum=48:70,112:133,155:178,234:253,269:289,425:449) or (cname=d and rnum=32:53,109:131,141:162,191:217,266:289) or (cname=e and rnum=19:40) or (cname=f and rnum=18:42) or (cname=h and rnum=28:50) or (cname=i and rnum=4:27) or (cname=J and rnum=9:31) or (cname=k and rnum=17:42) or (cname=l and rnum=14:35) or (cname=m and rnum=6:28) or (cname=t and rnum=3:23) or (cname=y and rnum=20:39) or (cname=x and rnum=6:20) or (cname=z and rnum=5:27,37:60) or (cname=J and rnum=9:31)"
3arc,y,1.0,alpha,20,1.9,173,"(cname=a and rnum=32:53,111:134,143:161,192:218,270:294) or (cname=b and rnum=17:39,95:115,135:159,197:218,234:256,450:474) or (cname=c and rnum=48:70,112:133,155:178,234:253,269:289,425:449) or (cname=d and rnum=32:53,109:131,141:162,191:217,266:289) or (cname=e and rnum=19:40) or (cname=f and rnum=18:42) or (cname=h and rnum=28:50) or (cname=i and rnum=4:27) or (cname=k and rnum=17:42) or (cname=l and rnum=14:35) or (cname=m and rnum=6:28) or (cname=t and rnum=3:23) or (cname=y and rnum=20:39) or (cname=x and rnum=6:20) or (cname=z and rnum=5:27,37:60) or (cname=a and rnum=32:53,111:134,143:161,192:218,270:294) or (cname=b and rnum=17:39,95:115,135:159,197:218,234:256,450:474) or (cname=c and rnum=48:70,112:133,155:178,234:253,269:289,425:449) or (cname=d and rnum=32:53,109:131,141:162,191:217,266:289) or (cname=e and rnum=19:40) or (cname=f and rnum=18:42) or (cname=h and rnum=28:50) or (cname=i and rnum=4:27) or (cname=J and rnum=9:31) or (cname=k and rnum=17:42) or (cname=l and rnum=14:35) or (cname=m and rnum=6:28) or (cname=t and rnum=3:23) or (cname=y and rnum=20:39) or (cname=x and rnum=6:20) or (cname=z and rnum=5:27,37:60) or (cname=J and rnum=9:31)"
1jb0,X,1.0,alpha,21,2.5,174,"(cname=A and rnum=72:93,159:179,193:216,298:314,354:374,392:413,439:464,536:557,591:613,674:691,725:745) or (cname=B and rnum=45:66,135:155,170:193,273:289,335:355,373:394,420:442,523:544,578:600,654:671,709:729) or (cname=F and rnum=60:84) or (cname=I and rnum=9:32) or (cname=J and rnum=11:30) or (cname=K and rnum=21:32,57:76) or (cname=L and rnum=44:65,74:95,120:141) or (cname=M and rnum=6:27) or (cname=X and rnum=11:31)"
3bkd,E,0.5,alpha,21,2.05,175,(cname=E and rnum=25:45) or (cname=F and rnum=25:45) or (cname=G and rnum=25:44) or (cname=H and rnum=25:45)
3lbw,A,0.5,alpha,18,1.65,175,(cname=A and rnum=26:43) or (cname=B and rnum=26:43) or (cname=C and rnum=26:46) or (cname=D and rnum=26:46)
